county,city,pop change,housing change,units needed to get to 1990 ratio,pct of change
Alameda,Alameda,5949,2343,111.25701888373715,0.04748485654448875
Alameda,Albany,2661,-726,1943.1463220432413,-2.67651008545901
Alameda,Berkeley,18514,4684,3558.8428604805104,0.7597871179505786
Alameda,Dublin,36457,13939,-2965.3315682982484,-0.21273632027392556
Alameda,Emeryville,6114,3529,348.1707317073174,0.09865988430357533
Alameda,Fremont,58325,13363,7633.313582055973,0.5712275373835196
Alameda,Hayward,49697,7497,11324.32775297953,1.5105145728930947
Alameda,Livermore,32907,10359,2103.567156024743,0.20306662380777515
Alameda,Newark,7561,1323,1130.1661604289375,0.8542450192206632
Alameda,Oakland,53832,16899,5478.38402437124,0.3241839176502302
Alameda,Piedmont,681,97,150.16921335597058,1.5481362201646451
Alameda,Pleasanton,25346,7815,1888.8541823215346,0.24169599261951819
Alameda,San Leandro,20051,2320,6552.662283980477,2.824423398267447
Alameda,Union City,19690,5240,714.7581935195858,0.1364042354045011
Alameda,Balance Of County,30872,4145,7949.405665722381,1.9178300761694527
Alameda,Incorporated,337785,88682,44801.658991840464,0.5051945038659532
Alameda,County Total,368657,92827,52738.14489129023,0.5681336776077028
Alpine,County Total,38,461,-415.9667565139263,-0.9023140054532024
Amador,Amador,-3,23,-24.331632653061224,-1.0578970718722271
Amador,Ione,1256,849,-673.5917740945365,-0.7933943157768393
Amador,Jackson,1293,704,-113.85218617771511,-0.16172185536607261
Amador,Plymouth,198,126,-38.35265104808879,-0.30438611942927607
Amador,Sutter Creek,747,432,-44.45558583106265,-0.10290644868301539
Amador,Balance Of County,4852,3241,-724.3930905695611,-0.2235091300739158
Amador,Incorporated,3491,2134,-1071.7922963651863,-0.5022456871439486
Amador,County Total,8343,5375,-1816.0532307999597,-0.3378703685209227
Butte,Biggs,324,143,-30.696394686907013,-0.21466010270564345
Butte,Chico,53413,23093,-1380.3549161871415,-0.05977373733110213
Butte,Gridley,2073,691,119.22025480457785,0.1725329302526452
Butte,Oroville,6152,2510,-20.730500631047107,-0.008259163598026736
Butte,Paradise,440,1433,-1231.5260422817998,-0.8594040769586879
Butte,Balance Of County,-18118,-5114,-2428.555062238982,0.47488366488834216
Butte,Incorporated,62402,27870,-1669.0548234053786,-0.05988714831020375
Butte,County Total,44284,22756,-4248.001647265541,-0.1866761138717499
Calaveras,Angels City,1438,724,-39.529821843532204,-0.05459920144134282
Calaveras,Balance Of County,11732,8031,-882.3608920315473,-0.10986936770409007
Calaveras,Incorporated,1438,724,-39.529821843532204,-0.05459920144134282
Calaveras,County Total,13170,8755,-871.8507406712915,-0.09958317997387682
Colusa,Colusa,1406,491,49.28698824483183,0.10038083145586932
Colusa,Williams,3134,795,247.39268611232046,0.31118576869474274
Colusa,Balance Of County,1228,531,-37.43741707209199,-0.07050361030525798
Colusa,Incorporated,4540,1286,384.08712487899334,0.2986680597814878
Colusa,County Total,5768,1817,414.0021505376344,0.22784928483083897
Contra Costa,Antioch,52046,12887,6337.258509526491,0.491755917554628
Contra Costa,Brentwood,53492,17027,1560.4621182070587,0.09164633336507069
Contra Costa,Clayton,3967,1750,-469.9553095530955,-0.26854589117319744
Contra Costa,Concord,17062,3571,3126.2350774427723,0.8754508757890709
Contra Costa,Danville,12049,4705,-291.98543410208913,-0.062058540723079515
Contra Costa,El Cerrito,1731,484,296.4600550964187,0.6125207749926007
Contra Costa,Hercules,8846,3087,-116.08122883118403,-0.037603248730542285
Contra Costa,Lafayette,1833,662,65.20662501069933,0.09849943355090533
Contra Costa,Martinez,5848,2272,112.6088651367495,0.04956376106371017
Contra Costa,Moraga,689,83,162.09557765684616,1.9529587669499537
Contra Costa,Oakley,41199,12491,0,0.0
Contra Costa,Orinda,2293,543,349.15088330729475,0.6430034683375594
Contra Costa,Pinole,1515,665,-101.34364261168389,-0.15239645505516375
Contra Costa,Pittsburg,22211,5741,2060.1664461108667,0.35885149731943333
Contra Costa,Pleasant Hill,3074,680,648.7606623816612,0.95405979762009
Contra Costa,Richmond,25766,5733,4421.953347516246,0.7713157766468247
Contra Costa,San Pablo,5895,109,2097.5829954686383,19.243880692372827
Contra Costa,San Ramon,45247,14776,2566.354955669489,0.17368401161813
Contra Costa,Walnut Creek,10405,3637,1511.301028578976,0.41553506422297937
Contra Costa,Balance Of County,20613,5123,2833.6684397511135,0.5531267694224309
Contra Costa,Incorporated,315168,90903,33622.76554907042,0.36987520267835405
Contra Costa,County Total,335781,96026,36062.654887450044,0.3755509433637769
Del Norte,Crescent City,2009,119,696.9842465753425,5.857010475423046
Del Norte,Balance Of County,1655,2096,-1461.7568134171906,-0.6974030598364459
Del Norte,Incorporated,2009,119,696.9842465753425,5.857010475423046
Del Norte,County Total,3664,2215,-795.1609548167094,-0.35898914438677626
El Dorado,Placerville,2457,1114,-67.26937002172349,-0.06038543089921319
El Dorado,South Lake Tahoe,-562,1109,-1475.2138423051979,-1.3302198758387718
El Dorado,Balance Of County,57172,26679,-594.940409683426,-0.022299951635497056
El Dorado,Incorporated,1895,2223,-1106.7566952329942,-0.49786625966396497
El Dorado,County Total,59067,28902,-93.50587721735064,-0.00323527358720333
Fresno,Clovis,60439,20810,1874.8922361544428,0.09009573455811834
Fresno,Coalinga,8770,1259,2183.0007306380903,1.7339163865274745
Fresno,Firebaugh,3773,892,166.8934296680966,0.1871002574754446
Fresno,Fowler,2697,860,58.6010606953447,0.06814076825040082
Fresno,Fresno,171741,49461,13280.137950413875,0.2684971583755661
Fresno,Huron,2420,713,-224.53168275283258,-0.3149111960067778
Fresno,Kerman,9166,2396,544.92657856094,0.2274317940571536
Fresno,Kingsburg,5093,1605,220.60676328502404,0.1374496967507938
Fresno,Mendota,5007,911,379.471485119484,0.4165438914593677
Fresno,Orange Cove,3765,978,-93.85653104925052,-0.09596782315874286
Fresno,Parlier,7562,1862,-130.11337868480746,-0.06987829145263559
Fresno,Reedley,10361,2380,745.1626242796533,0.3130935396132997
Fresno,Sanger,9573,2567,235.71334402280445,0.09182444254881357
Fresno,San Joaquin,1759,386,29.583729987018614,0.0766417875311363
Fresno,Selma,10399,2352,957.1891305820964,0.40696816776449674
Fresno,Balance Of County,15960,4741,917.9010851235889,0.19360917214165554
Fresno,Incorporated,312525,89432,20697.948973264123,0.23143784074228602
Fresno,County Total,328485,94173,21752.200459931977,0.23098128401911353
Glenn,Orland,2760,900,197.00712589073646,0.21889680654526272
Glenn,Willows,199,217,-142.55778223112893,-0.6569483052125757
Glenn,Balance Of County,974,684,-324.28972234336385,-0.4741077812037483
Glenn,Incorporated,2959,1117,21.571739130434707,0.01931221050173206
Glenn,County Total,3933,1801,-321.40660537140093,-0.1784600807170466
Humboldt,Arcata,3163,1658,-346.09631187956074,-0.2087432520383358
Humboldt,Blue Lake,60,44,-17.76518218623482,-0.4037541405962459
Humboldt,Eureka,95,162,-120.58667900092507,-0.744362216055093
Humboldt,Ferndale,114,124,-73.03831705484598,-0.5890186859261772
Humboldt,Fortuna,3201,1384,-32.28049613108783,-0.023324057898184848
Humboldt,Rio Dell,450,228,-43.16516516516518,-0.1893208998472157
Humboldt,Trinidad,7,52,-48.13259668508287,-0.9256268593285168
Humboldt,Balance Of County,10745,7886,-3259.7165629172096,-0.41335487736713283
Humboldt,Incorporated,7090,3652,-618.3728950464451,-0.16932445099847895
Humboldt,County Total,17835,11538,-3881.9371883342565,-0.33644801424287196
Imperial,Brawley,8005,2269,321.6367912064684,0.14175266249734172
Imperial,Calexico,22288,5998,-218.1676595287936,-0.03637340105515065
Imperial,Calipatria,4865,355,1032.1579925650558,2.907487303000157
Imperial,El Centro,14223,4422,197.47460595446591,0.044657305733710066
Imperial,Holtville,1435,486,-46.27074688796682,-0.09520729812338852
Imperial,Imperial,14545,4269,582.8696814976902,0.1365354137966011
Imperial,Westmorland,922,245,43.6260869565217,0.17806566104702737
Imperial,Balance Of County,12748,2798,2496.7635246351365,0.8923386435436513
Imperial,Incorporated,66283,18044,2338.079107901027,0.12957654111621741
Imperial,County Total,79031,20842,5591.806290769695,0.2682950911990066
Inyo,Bishop,479,154,91.22043165467628,0.5923404652901056
Inyo,Balance Of County,-141,649,-715.0241118465487,-1.1017320675601676
Inyo,Incorporated,479,154,91.22043165467628,0.5923404652901056
Inyo,County Total,338,803,-641.922597232099,-0.7994054760051046
Kern,Arvin,11871,2273,859.0213224208483,0.37792403098145544
Kern,Bakersfield,208534,62405,16522.529277966372,0.2647629080677249
Kern,California City,8293,2837,482.9852225020991,0.17024505551713046
Kern,Delano,30390,4393,4261.2474299270725,0.9700085203567204
Kern,Maricopa,-53,27,-46.45850796311819,-1.7206854801154885
Kern,Mcfarland,7914,1261,712.6985010706637,0.5651851713486628
Kern,Ridgecrest,54,911,-889.5316840431171,-0.9764343403327301
Kern,Shafter,10459,2329,955.8399334046853,0.41040787179247973
Kern,Taft,3590,167,1274.5960691291086,7.632311791192267
Kern,Tehachapi,6098,1054,1497.848269168554,1.421108414770924
Kern,Wasco,14568,2338,1883.8092168868834,0.8057353365641076
Kern,Balance Of County,48413,17965,-181.0088955910469,-0.010075641279768822
Kern,Incorporated,301718,79995,29174.348627199623,0.36470215172447806
Kern,County Total,350131,97960,29656.59822269033,0.3027419173406526
Kings,Avenal,2721,707,-212.37400204708285,-0.300387555936468
Kings,Corcoran,8426,1365,346.0582335329341,0.25352251540874293
Kings,Hanford,25182,7853,1607.9194760857445,0.20475225723745633
Kings,Lemoore,12747,4323,250.0868448098663,0.05785029951650852
Kings,Balance Of County,-1008,317,-611.9196006305833,-1.9303457433141429
Kings,Incorporated,49076,14248,954.1333928438598,0.06696612807719399
Kings,County Total,48068,14565,45.97797356828232,0.0031567438083269705
Lake,Clearlake,3727,732,1577.641223314131,2.1552475728335123
Lake,Lakeport,396,295,-101.51025056947611,-0.34410254430330883
Lake,Balance Of County,10191,4624,1105.8296018816964,0.23915000040694126
Lake,Incorporated,4123,1027,1381.5204396690133,1.3452000386261083
Lake,County Total,14314,5651,2497.3302324662754,0.4419271336871838
Lassen,Susanville,7767,1123,2210.4397582085453,1.968334602144742
Lassen,Balance Of County,-4447,1267,-2850.2274226093805,-2.2495875474422893
Lassen,Incorporated,7767,1123,2210.4397582085453,1.968334602144742
Lassen,County Total,3320,2390,-1143.9473874918472,-0.4786390742643712
Los Angeles,Agoura Hills,633,698,-482.963208241354,-0.691924367107957
Los Angeles,Alhambra,4835,2055,-311.6505049520629,-0.1516547469353104
Los Angeles,Arcadia,9090,1530,2137.3266506503187,1.3969455233008619
Los Angeles,Artesia,1352,173,223.40248318675634,1.2913438334494587
Los Angeles,Avalon,800,404,113.61480466072646,0.28122476401169916
Los Angeles,Azusa,8559,1081,1660.1733126228673,1.5357754973384528
Los Angeles,Baldwin Park,6207,699,839.0073993942017,1.2002967087184573
Los Angeles,Bell,2043,-186,744.8896551724138,-4.004783092324805
Los Angeles,Bellflower,14842,806,4984.576947342878,6.184338644346003
Los Angeles,Bell Gardens,509,470,-355.3050927567057,-0.755968282461076
Los Angeles,Beverly Hills,2675,709,606.5367364173783,0.8554819977678114
Los Angeles,Bradbury,278,128,-33.76839565741858,-0.26381559107358266
Los Angeles,Burbank,11384,3403,1607.715330649553,0.4724405908461807
Los Angeles,Calabasas,24202,9150,0,0.0
Los Angeles,Carson,9679,1781,1035.410964938389,0.5813649438171752
Los Angeles,Cerritos,-3205,707,-1631.8896589287056,-2.308189050818537
Los Angeles,Claremont,3615,1531,-325.4457221711132,-0.2125706872443587
Los Angeles,Commerce,929,143,111.92954264524104,0.782724074442245
Los Angeles,Compton,9596,1356,1109.3574634620913,0.8181102237921027
Los Angeles,Covina,5679,508,1607.4052201606205,3.16418350425319
Los Angeles,Cudahy,1594,358,20.36279966691501,0.05687932867853355
Los Angeles,Culver City,1310,641,-68.8521898280618,-0.10741371268028362
Los Angeles,Diamond Bar,3394,1031,85.99985094648969,0.0834140164369444
Los Angeles,Downey,22388,1360,7038.070688071388,5.175051976523079
Los Angeles,Duarte,1317,567,-136.6036879706507,-0.2409236119411829
Los Angeles,El Monte,8106,2126,-53.5724647237239,-0.02519871341661519
Los Angeles,El Segundo,1494,245,460.63358076594625,1.880137064350801
Los Angeles,Gardena,10880,2761,1393.7930418731567,0.5048145751079887
Los Angeles,Glendale,21710,6612,2083.9138626290005,0.3151714855760739
Los Angeles,Glendora,4776,1327,358.159558454591,0.2699017019250874
Los Angeles,Hawaiian Gardens,1114,193,94.34159395850133,0.48881654900777893
Los Angeles,Hawthorne,16313,1338,5341.39259134676,3.992072190842123
Los Angeles,Hermosa Beach,1397,349,393.9350128986223,1.1287536186206943
Los Angeles,Hidden Hills,156,107,-59.45112781954887,-0.5556180170051297
Los Angeles,Huntington Park,3254,639,203.64622565875038,0.3186951888243355
Los Angeles,Industry,-191,-71,28.925515055467514,-0.4074016204995424
Los Angeles,Inglewood,5298,-61,1932.3296655170525,-31.67753550027955
Los Angeles,Irwindale,373,108,-7.822857142857146,-0.07243386243386246
Los Angeles,La Canada Flintridge,1119,163,236.48611827846014,1.4508350814629456
Los Angeles,La Habra Heights,-763,-263,-1.8318342434949955,0.006965149214809869
Los Angeles,Lakewood,5719,759,1324.3261185811589,1.7448301957591026
Los Angeles,La Mirada,8982,1780,1185.1346781370517,0.6658059989533998
Los Angeles,Lancaster,60520,16586,5943.238643371016,0.35832862916743136
Los Angeles,La Puente,3500,512,367.38032742524695,0.7175397020024354
Los Angeles,La Verne,2331,1030,-191.8587686022761,-0.1862706491284234
Los Angeles,Lawndale,6034,383,1775.7374044125718,4.636390089850057
Los Angeles,Lomita,961,194,215.1738504269108,1.109143558901602
Los Angeles,Long Beach,50852,6615,13563.12420077285,2.050358911681459
Los Angeles,Los Angeles,556150,169769,37669.08447258212,0.22188435151636707
Los Angeles,Lynwood,10052,786,1571.0150940350313,1.9987469389758667
Los Angeles,Malibu,12742,6907,0,0.0
Los Angeles,Manhattan Beach,3425,296,1273.7338053207745,4.303154747705319
Los Angeles,Maywood,123,68,-38.49023052378733,-0.5660328018204019
Los Angeles,Monrovia,2781,1078,6.288808664259932,0.005833774271113109
Los Angeles,Montebello,4353,776,626.6447014975488,0.8075318318267382
Los Angeles,Monterey Park,868,866,-575.923540452435,-0.66503873031459
Los Angeles,Norwalk,11247,773,2477.4270198029253,3.204950866497963
Los Angeles,Palmdale,89659,22573,9208.050401763696,0.4079232003616575
Los Angeles,Palos Verdes Estates,151,166,-108.65978389579632,-0.6545770114204598
Los Angeles,Paramount,8254,909,1467.6893368856067,1.614619732547422
Los Angeles,Pasadena,11747,8737,-4002.9731050415703,-0.45816334039619666
Los Angeles,Pico Rivera,4869,817,525.4574412356151,0.6431547628342902
Los Angeles,Pomona,23606,2798,4095.4180258162496,1.4636947912138134
Los Angeles,Rancho Palos Verdes,1217,820,-368.12664698682414,-0.4489349353497855
Los Angeles,Redondo Beach,8740,2493,1606.3036049661778,0.644325553536373
Los Angeles,Rolling Hills,51,45,-26.62800641368252,-0.5917334758596116
Los Angeles,Rolling Hills Estates,270,228,-128.40955193221208,-0.5631997891763688
Los Angeles,Rosemead,3346,746,169.8442232464464,0.2276732215099818
Los Angeles,San Dimas,1833,1309,-659.5461139576518,-0.5038549380883512
Los Angeles,San Fernando,1906,635,-145.92276350752877,-0.22979962757091146
Los Angeles,San Gabriel,3900,769,569.1034482758621,0.7400564997085333
Los Angeles,San Marino,508,15,160.03048074697122,10.668698716464748
Los Angeles,Santa Clarita,105660,32771,6503.325051946878,0.19844756192813398
Los Angeles,Santa Fe Springs,2771,645,215.04555412371144,0.33340395988172317
Los Angeles,Santa Monica,6929,4657,-849.6179506357521,-0.18243889856898263
Los Angeles,Sierra Madre,248,250,-137.82159449916372,-0.5512863779966549
Los Angeles,Signal Hill,3238,863,556.5986142635288,0.6449578380805664
Los Angeles,South El Monte,12,-28,30.80115107913669,-1.1000411099691676
Los Angeles,South Gate,12349,1551,1733.0405405405404,1.1173697875825535
Los Angeles,South Pasadena,2056,436,484.7162433155081,1.1117345030172205
Los Angeles,Temple City,5236,623,1322.621160080891,2.1229874158601785
Los Angeles,Torrance,13994,3601,2173.665780161824,0.6036283754962022
Los Angeles,Vernon,127,46,0.4634146341463392,0.01007423117709433
Los Angeles,Walnut,1029,846,-559.9447174025081,-0.6618731884190403
Los Angeles,West Covina,11587,1773,1979.4752249911667,1.116455287643072
Los Angeles,West Hollywood,-236,1391,-1546.6497037488234,-1.1118977021918213
Los Angeles,Westlake Village,915,380,-11.054325955734384,-0.029090331462458905
Los Angeles,Whittier,10037,886,2830.2396003656445,3.1944013548144974
Los Angeles,Balance Of County,82836,14397,10942.33221603102,0.7600425238612919
Los Angeles,Incorporated,1295390,349605,120855.04079890955,0.3456902527106579
Los Angeles,County Total,1378226,364002,127900.34786617517,0.3513726514309679
Madera,Chowchilla,12910,2089,2855.1163575042165,1.366738323362478
Madera,Madera,36799,8118,3859.299764368405,0.47540031588672144
Madera,Balance Of County,18693,9087,-2359.895644609187,-0.25970019198956606
Madera,Incorporated,49709,10207,6453.4838553943155,0.6322605912995313
Madera,County Total,68402,19294,4646.31174934726,0.2408164066210874
Marin,Belvedere,25,10,2.074988355845367,0.2074988355845367
Marin,Corte Madera,1214,310,235.50749516441,0.7597015973045483
Marin,Fairfax,640,364,-66.20747366902327,-0.18188866392588812
Marin,Larkspur,1504,515,295.5674015178894,0.5739172845007561
Marin,Mill Valley,1881,501,384.4227492516694,0.7673108767498391
Marin,Novato,6937,2639,99.06312913733336,0.03753813154124038
Marin,Ross,407,116,31.670880149812717,0.27302482887769586
Marin,San Anselmo,1202,224,321.4324669791223,1.4349663704425102
Marin,San Rafael,12432,2919,2510.145052675067,0.8599332143456893
Marin,Sausalito,175,203,-95.87611856823267,-0.47229615058242697
Marin,Tiburon,1954,588,302.60391845379934,0.5146325143772098
Marin,Balance Of County,5137,3853,-1781.749286015263,-0.4624316859629543
Marin,Incorporated,28371,8389,4243.36551840452,0.5058249515323066
Marin,County Total,33508,12242,2285.230182184827,0.18667131042189405
Mariposa,County Total,3846,2792,-721.366522164732,-0.25836909819653725
Mendocino,Fort Bragg,1694,616,116.72885817703195,0.1894948996380389
Mendocino,Point Arena,45,32,-10.32923832923833,-0.3227886977886978
Mendocino,Ukiah,1682,689,-17.556451612903288,-0.025481061847464858
Mendocino,Willits,-99,130,-168.75711159737418,-1.298131627672109
Mendocino,Balance Of County,5467,5778,-3456.5851737052826,-0.5982321172906339
Mendocino,Incorporated,3322,1467,-115.78564871481035,-0.07892682257314952
Mendocino,County Total,8789,7245,-3564.1105731532766,-0.4919407278334405
Merced,Atwater,8124,2570,136.05547078359223,0.05293987190023044
Merced,Dos Palos,1195,299,104.83937082936131,0.350633347255389
Merced,Gustine,1955,527,260.27168659374206,0.49387416810956747
Merced,Livingston,6630,1728,-170.39852398524,-0.09861025693590277
Merced,Los Banos,25474,6680,2215.4597424065014,0.3316556500608535
Merced,Merced,28309,8771,780.609349122964,0.08899889968338433
Merced,Balance Of County,24575,6183,1628.355584760653,0.26336011398360876
Merced,Incorporated,71687,20575,3337.6405258302584,0.16221825155918632
Merced,County Total,96262,26758,4758.641648402776,0.1778399599522676
Modoc,Alturas,-571,-9,-240.71309192200556,26.745899102445062
Modoc,Balance Of County,473,599,-359.89545525050414,-0.6008271373130286
Modoc,Incorporated,-571,-9,-240.71309192200556,26.745899102445062
Modoc,County Total,-98,590,-637.3089481297789,-1.0801846578470828
Mono,Mammoth Lakes,3217,2593,2181.7406478578887,0.8413963161812144
Mono,Balance Of County,540,791,-419.02552697737383,-0.5297415006035068
Mono,Incorporated,3217,2593,2181.7406478578887,0.8413963161812144
Mono,County Total,3757,3384,640.1711530735238,0.1891758726576607
Monterey,Carmel-By-The-Sea,-399,96,-408.8212685687338,-4.258554880924311
Monterey,Del Rey Oaks,20,8,0.8260084286574365,0.10325105358217956
Monterey,Gonzales,3889,765,254.81931330472105,0.33309714157479875
Monterey,Greenfield,10402,1988,696.1173633440517,0.3501596395090803
Monterey,King City,6846,888,1303.7243908828923,1.4681580978410949
Monterey,Marina,-4984,-907,-651.0639710319854,0.7178213572568747
Monterey,Monterey,-3126,165,-1485.3862427239158,-9.002340864993428
Monterey,Pacific Grove,-619,274,-578.0270521809271,-2.1095877816822157
Monterey,Salinas,53693,8490,8577.421063276244,1.0102969450266484
Monterey,Sand City,192,91,-5.0,-0.054945054945054944
Monterey,Seaside,-4661,-299,-1047.2229949003245,3.502418043144898
Monterey,Soledad,18904,2304,2062.319787739143,0.8951040745395586
Monterey,Balance Of County,6548,4734,-2495.604841679856,-0.5271662107477515
Monterey,Incorporated,80157,13863,13426.293743314043,0.9684984305932369
Monterey,County Total,86705,18597,10955.738345610975,0.5891132088837433
Napa,American Canyon,20570,6129,0,0.0
Napa,Calistoga,770,215,156.7300805729633,0.7289771189440153
Napa,Napa,18763,5601,1958.1855168512084,0.3496135541601872
Napa,St Helena,1043,498,-3.881362725450856,-0.007793901055122201
Napa,Yountville,-324,314,-411.4286590978828,-1.3102823538149133
Napa,Balance Of County,-9179,-1397,-2097.2250780753398,1.5012348447210735
Napa,Incorporated,40822,12757,3895.93703574589,0.3053960206746014
Napa,County Total,31643,11360,1266.6325734663478,0.11149934625584047
Nevada,Grass Valley,3811,2303,-456.0465296198056,-0.19802280921398419
Nevada,Nevada City,353,142,30.97618213660246,0.21814212772255254
Nevada,Truckee,15904,13232,0,0.0
Nevada,Balance Of County,250,528,-409.5139549897158,-0.7755946117229465
Nevada,Incorporated,20068,15677,-5925.398554986137,-0.3779676312423383
Nevada,County Total,20318,16205,-6538.486995287225,-0.403485775704241
Orange,Anaheim,92140,14380,17846.484313416364,1.2410628868856999
Orange,Brea,11341,3614,749.4888206126607,0.20738484244954639
Orange,Buena Park,15100,1794,3299.044894161433,1.8389324939584355
Orange,Costa Mesa,17687,3058,4212.8755669022485,1.3776571507201598
Orange,Cypress,7000,1529,885.839995311218,0.5793590551414114
Orange,Dana Point,1803,1387,-557.9682091798344,-0.4022842171447977
Orange,Fountain Valley,3018,1290,-277.142314354361,-0.21483900337547365
Orange,Fullerton,28090,5769,4802.156083543596,0.8324070174282537
Orange,Garden Grove,33312,1832,8876.35228202707,4.845170459621763
Orange,Huntington Beach,16055,8492,-2058.643271503258,-0.2424214874591684
Orange,Irvine,156756,56455,3532.266165140936,0.06256781799913093
Orange,Laguna Beach,335,152,33.73198100992664,0.2219209276968858
Orange,Laguna Hills,31544,11296,0,0.0
Orange,Laguna Niguel,21966,6892,2436.0475817811857,0.35346018307910415
Orange,Laguna Woods,16319,13079,0,0.0
Orange,La Habra,10818,1442,2497.6882924355323,1.7321000641023108
Orange,Lake Forest,84931,28995,0,0.0
Orange,La Palma,592,295,-105.19230769230768,-0.35658409387222945
Orange,Los Alamitos,-49,78,-95.92399049881234,-1.2297947499847737
Orange,Mission Viejo,23898,8489,172.6302389453449,0.02033575673758333
Orange,Newport Beach,18272,9265,293.0960040814498,0.031634754892763066
Orange,Orange,30224,7253,3130.849626778001,0.43166270877953966
Orange,Placentia,11009,3425,239.33013403136283,0.06987741139601834
Orange,Rancho Santa Margarita,48602,17308,0,0.0
Orange,San Clemente,24875,7462,3871.5583941605837,0.518836557780834
Orange,San Juan Capistrano,10079,2707,993.085857235611,0.3668584622222427
Orange,Santa Ana,47514,2891,9237.054943895559,3.1951072099258244
Orange,Seal Beach,-208,123,-242.39819905968602,-1.9707170655259025
Orange,Stanton,9120,622,2594.870551966154,4.171817607662627
Orange,Tustin,31683,8536,3527.4042888989716,0.4132385530575178
Orange,Villa Park,-355,59,-169.8001270042864,-2.877968254309939
Orange,Westminster,15240,1964,3075.966280510391,1.5661742772456164
Orange,Yorba Linda,15468,5811,-694.2439052306281,-0.11947064278620342
Orange,Balance Of County,-101135,-48641,8780.100239284002,-0.18050821815513665
Orange,Incorporated,884491,257099,61122.630456633866,0.23773966626332216
Orange,County Total,783356,208458,75910.79420144123,0.36415390247167884
Placer,Auburn,3443,1478,71.72167464563995,0.0485261668779702
Placer,Colfax,764,305,58.28024502297092,0.19108277056711775
Placer,Lincoln,40917,16196,-1506.9776490066233,-0.09304628605869494
Placer,Loomis,1070,498,-117.2638036809816,-0.2354694853031759
Placer,Rocklin,45611,16674,1469.990800808253,0.0881606573592571
Placer,Roseville,91183,34618,1681.7513035694355,0.04858025603932739
Placer,Balance Of County,27053,14841,-1197.6559667270976,-0.08069914202055775
Placer,Incorporated,182988,69769,3336.779034648149,0.04782609804710041
Placer,County Total,210041,84610,10055.287616611487,0.11884278000959092
Plumas,Portola,-66,125,-155.15595075239398,-1.2412476060191517
Plumas,Balance Of County,146,3747,-3655.968425852046,-0.9757054779429
Plumas,Incorporated,-66,125,-155.15595075239398,-1.2412476060191517
Plumas,County Total,80,3872,-3823.6003850245706,-0.9875000994381639
Riverside,Banning,10496,3882,342.01244409877563,0.08810212367304884
Riverside,Beaumont,36494,11482,2527.7771812080537,0.22015129604668643
Riverside,Blythe,11212,2561,1298.433712121212,0.50700262089856
Riverside,Calimesa,8637,3940,0,0.0
Riverside,Canyon Lake,10891,4558,0,0.0
Riverside,Cathedral City,24472,5889,6498.70443742729,1.1035327623411937
Riverside,Coachella,28655,6581,-85.45963541666697,-0.01298581300967436
Riverside,Corona,91816,22450,9564.638347181437,0.42604179720184576
Riverside,Desert Hot Springs,17443,6013,2200.2192320877602,0.3659103994824148
Riverside,Hemet,45774,16295,8678.170277608468,0.5325664484571014
Riverside,Indian Wells,2803,2275,921.9236871930489,0.40524118118375774
Riverside,Indio,51868,18624,-255.54952510176372,-0.013721516596958963
Riverside,Lake Elsinore,43776,11484,5229.560165975101,0.4553779315547806
Riverside,La Quinta,29462,18118,-1236.7862683905478,-0.06826284735569862
Riverside,Moreno Valley,87971,18206,9897.112460956901,0.5436181731822971
Riverside,Murrieta,114914,36391,0,0.0
Riverside,Norco,3580,1541,-652.2222126856065,-0.4232460822099977
Riverside,Palm Desert,27488,20067,1505.3819026320343,0.07501778555000918
Riverside,Palm Springs,7235,5113,382.0964029493816,0.07473037413443803
Riverside,Perris,54239,11265,8361.94976744186,0.7422946975092641
Riverside,Rancho Mirage,8517,5091,3061.906524851707,0.6014351846104316
Riverside,Riverside,100246,19853,15661.835662514459,0.7888901255485045
Riverside,San Jacinto,31715,8398,4994.299506477482,0.5947010605474496
Riverside,Temecula,83925,25661,7349.685818664897,0.2864146299312146
Riverside,Balance Of County,-11629,-23786,18917.036698461794,-0.795301299018826
Riverside,Incorporated,1225999,374591,129049.52475768415,0.34450780920439666
Riverside,County Total,1214370,350805,151213.7586689485,0.43104790031199236
Sacramento,Citrus Heights,87013,35151,0,0.0
Sacramento,Folsom,48723,18195,-2797.603382323334,-0.1537567124112852
Sacramento,Galt,16804,4880,929.2802339970749,0.19042627745841698
Sacramento,Isleton,21,72,-63.12605042016807,-0.876750700280112
Sacramento,Sacramento,123660,39696,11648.185074384419,0.29343473081379534
Sacramento,Balance Of County,-47601,-29409,10486.260656619172,-0.3565663795647309
Sacramento,Incorporated,521152,179116,32721.609131084464,0.18268389831776316
Sacramento,County Total,473551,149707,40207.499518353,0.26857461253216613
San Benito,Hollister,17359,4686,936.4900610829272,0.1998484978836806
San Benito,San Juan Bautista,286,149,-38.0611464968153,-0.25544393622023687
San Benito,Balance Of County,2512,1445,-592.6773989499652,-0.4101573695155469
San Benito,Incorporated,17645,4835,965.008138644198,0.19958803281162316
San Benito,County Total,20157,6280,437.71834209880944,0.06970037294567029
San Bernardino,Adelanto,27482,6696,4448.960683257254,0.6644206516214536
San Bernardino,Apple Valley,28622,10018,337.82334686082504,0.03372163574174736
San Bernardino,Barstow,2776,1147,-46.9169150521609,-0.04090402358514464
San Bernardino,Big Bear Lake,-304,1300,-1786.5363483461035,-1.3742587294970028
San Bernardino,Chino,28344,8224,-560.2633959987934,-0.06812541293759647
San Bernardino,Chino Hills,80676,24581,0,0.0
San Bernardino,Colton,13606,1665,3330.702381247983,2.000421850599389
San Bernardino,Fontana,125251,24615,17428.184246301476,0.7080310479911224
San Bernardino,Grand Terrace,1489,626,-73.84843778549248,-0.11796875045605827
San Bernardino,Hesperia,43715,11919,3132.1461184497603,0.26278598191540903
San Bernardino,Highland,19938,4105,3167.60245651732,0.7716449345961803
San Bernardino,Loma Linda,6058,2636,-323.9890633459663,-0.1229093563527945
San Bernardino,Montclair,10688,1515,1836.0417106281216,1.2119087198865488
San Bernardino,Needles,-147,557,-623.1797341552688,-1.1188146035103568
San Bernardino,Ontario,41104,6435,6693.193964513925,1.040123382208846
San Bernardino,Rancho Cucamonga,75915,22821,4403.416028163181,0.19295456063113717
San Bernardino,Redlands,9456,3713,-82.15903634406868,-0.02212740003880115
San Bernardino,Rialto,34133,3627,7612.679356309138,2.0988914685164426
San Bernardino,San Bernardino,52296,6707,12019.728995117686,1.792117041168583
San Bernardino,Twentynine Palms,15098,3718,3891.6678791980376,1.0467100266804834
San Bernardino,Upland,13416,3250,1935.696594818064,0.595598952251712
San Bernardino,Victorville,82891,22082,9764.82246644048,0.44220733930080974
San Bernardino,Yucaipa,21505,5815,3538.190834577532,0.6084593008731783
San Bernardino,Yucca Valley,21519,9700,0,0.0
San Bernardino,Balance Of County,-13651,-14170,7906.927615894245,-0.5580047717638846
San Bernardino,Incorporated,755527,187472,84412.03944888909,0.45026478326837654
San Bernardino,County Total,741876,173302,110361.82410355477,0.6368179484573449
San Diego,Carlsbad,50433,19271,2478.49021993301,0.12861243422411966
San Diego,Chula Vista,132757,33560,15399.791521160107,0.45887340647080177
San Diego,Coronado,-1997,566,-1254.1147324792767,-2.2157504107407715
San Diego,Del Mar,-563,92,-383.2308641975309,-4.1655528717122925
San Diego,El Cajon,13885,1512,3880.660541172766,2.5665744319925703
San Diego,Encinitas,6882,4221,-1472.4728368768724,-0.3488445479452434
San Diego,Escondido,42844,6418,10161.927656284515,1.5833480299601925
San Diego,Imperial Beach,998,417,-58.44726916113456,-0.1401613169331764
San Diego,La Mesa,7375,2612,753.7297159380846,0.28856420977721464
San Diego,Lemon Grove,2811,449,563.4006837891928,1.2547899416240376
San Diego,National City,6961,1860,95.91666205828687,0.05156809788079939
San Diego,Oceanside,48371,14142,5126.341822156297,0.3624905828140501
San Diego,Poway,6857,2503,-231.60689925338738,-0.09253172163539249
San Diego,San Diego,295695,103453,11490.792421010541,0.11107258775492776
San Diego,San Marcos,55068,16544,3909.7478318879257,0.2363242161440961
San Diego,Santee,4198,2291,-840.8005746474612,-0.36700156030007036
San Diego,Solana Beach,571,211,68.55024698981168,0.3248826871555056
San Diego,Vista,29936,5057,6364.012454599853,1.2584560914771314
San Diego,Balance Of County,115094,40098,-395.8320634809206,-0.009871616127510615
San Diego,Incorporated,703082,215179,55665.45919604896,0.25869373496507075
San Diego,County Total,818176,255277,54645.29763140029,0.21406275391594343
San Francisco,San Francisco,150269,64148,4031.2873615771096,0.06284353933991878
San Joaquin,Escalon,2768,1006,17.105702050935292,0.017003679971108642
San Joaquin,Lathrop,16269,4273,578.4486186230079,0.13537295076597422
San Joaquin,Lodi,12184,4244,377.4362493734816,0.08893408326425108
San Joaquin,Manteca,35474,11784,379.9809187452465,0.03224549548075751
San Joaquin,Ripon,7677,2794,-150.55814889336034,-0.053886237971854094
San Joaquin,Stockton,109611,27729,9956.71497987608,0.35907227018197846
San Joaquin,Tracy,57332,14322,6476.610405864474,0.4522141045848676
San Joaquin,Balance Of County,24925,8595,-268.9506761685643,-0.03129152718656944
San Joaquin,Incorporated,241315,66152,18338.5261730747,0.2772180156771481
San Joaquin,County Total,266240,74747,17359.139800427773,0.23223861560233552
San Luis Obispo,Arroyo Grande,3304,1684,-293.2156319290466,-0.17411854627615594
San Luis Obispo,Atascadero,7762,3231,-253.74397095686754,-0.07853419094920072
San Luis Obispo,El Paso De Robles,13162,4238,1144.2331162890814,0.26999365650992957
San Luis Obispo,Grover Beach,1836,882,-102.62575418031383,-0.11635573036316761
San Luis Obispo,Morro Bay,1098,747,-100.06167218543044,-0.13395136838745708
San Luis Obispo,Pismo Beach,578,1212,-869.2246707523798,-0.7171820715778711
San Luis Obispo,San Luis Obispo,4766,3263,-1232.3554983554982,-0.37767560476723816
San Luis Obispo,Balance Of County,30433,15592,-3904.8985862665886,-0.2504424439627109
San Luis Obispo,Incorporated,32506,15257,-1032.970451647434,-0.06770468975863105
San Luis Obispo,County Total,62939,30849,-4706.775301387905,-0.15257464752140765
San Mateo,Atherton,-15,-52,46.72706966354879,-0.8985974935297845
San Mateo,Belmont,3429,735,731.5307262569831,0.9952798996693648
San Mateo,Brisbane,1770,640,188.6382113821138,0.29474720528455284
San Mateo,Burlingame,3482,283,1392.4497112427812,4.920317000857884
San Mateo,Colma,403,9,150.6654578422484,16.74060642691649
San Mateo,Daly City,17199,3015,2601.4573885848313,0.86283827150409
San Mateo,East Palo Alto,6889,509,1650.440492942732,3.242515703227371
San Mateo,Foster City,5049,1093,1012.0043654173764,0.9258960342336473
San Mateo,Half Moon Bay,3705,1266,152.45712356515878,0.12042426821892478
San Mateo,Hillsborough,1086,248,137.75550764038627,0.5554657566144607
San Mateo,Menlo Park,7267,1493,1686.7442523677073,1.1297684208758925
San Mateo,Millbrae,2754,461,639.7096110512393,1.3876564231046407
San Mateo,Pacifica,454,770,-604.4050968940802,-0.7849416842780262
San Mateo,Portola Valley,512,238,-33.44410011918953,-0.1405214290722249
San Mateo,Redwood City,19529,3814,4121.20800036324,1.0805474568335711
San Mateo,San Bruno,6334,884,1583.5304021970687,1.7913239843858244
San Mateo,San Carlos,2929,626,643.7662421347889,1.0283805784900781
San Mateo,San Mateo,17807,3943,3754.322673705603,0.9521487886648752
San Mateo,South San Francisco,11139,2914,999.3756628369424,0.3429566447621628
San Mateo,Woodside,632,306,-68.59197457290426,-0.22415677965001393
San Mateo,Balance Of County,8226,2212,729.6960030745581,0.32988065238451997
San Mateo,Incorporated,112354,23195,20676.771440243494,0.8914322673094845
San Mateo,County Total,120580,25407,21327.603854851193,0.839438101895194
Santa Barbara,Buellton,5129,1926,0,0.0
Santa Barbara,Carpinteria,196,147,-69.1959700298247,-0.4707208845566306
Santa Barbara,Guadalupe,1935,538,-51.336375250958156,-0.09542077184192965
Santa Barbara,Lompoc,6393,1413,838.7881749847274,0.5936222045185615
Santa Barbara,Santa Barbara,7492,2283,888.6959250213272,0.38926672142852703
Santa Barbara,Santa Maria,44728,8261,7171.293605406809,0.8680902560715178
Santa Barbara,Solvang,852,593,-219.92427757856996,-0.3708672471813996
Santa Barbara,Balance Of County,-17430,-7711,1371.0648975253162,-0.17780636720598056
Santa Barbara,Incorporated,98485,27140,10432.533043657393,0.3843969433919452
Santa Barbara,County Total,81055,19429,10867.062842254494,0.5593217789003291
Santa Clara,Campbell,6638,1950,971.3233207714475,0.49811452347253715
Santa Clara,Cupertino,18950,5225,2284.921935596868,0.4373056336070561
Santa Clara,Gilroy,24449,6491,1092.8721694667647,0.16836730387717835
Santa Clara,Los Altos,4803,1337,527.0313169668034,0.39418946669170035
Santa Clara,Los Altos Hills,1120,426,-26.234229438381703,-0.061582698212163625
Santa Clara,Los Gatos,3957,1467,242.970172168001,0.16562383924199114
Santa Clara,Milpitas,24720,7066,-11.363582560663417,-0.0016082058534762833
Santa Clara,Monte Sereno,214,121,-43.52509887435352,-0.3597115609450704
Santa Clara,Morgan Hill,20217,6258,633.9286609829487,0.10129892313565815
Santa Clara,Mountain View,11913,4108,1460.2421287018478,0.3554630303558539
Santa Clara,Palo Alto,12791,3936,1827.5010375670836,0.46430412539814114
Santa Clara,San Jose,263855,73216,14269.049154717824,0.19488976664551225
Santa Clara,Santa Clara,30370,8662,3624.787198359203,0.41847000673738205
Santa Clara,Saratoga,2508,911,10.920815366522902,0.011987722685535567
Santa Clara,Sunnyvale,32507,7519,6553.125251440455,0.8715421268041568
Santa Clara,Balance Of County,-18409,-7058,971.7754608045361,-0.13768425344354437
Santa Clara,Incorporated,459012,128693,37947.60449445309,0.29486921972798125
Santa Clara,County Total,440603,121635,37309.32454558264,0.30673181687493434
Santa Cruz,Capitola,-9,262,-266.6738767082883,-1.017839224077436
Santa Cruz,Santa Cruz,15359,4329,1653.814185995051,0.3820314589963158
Santa Cruz,Scotts Valley,3496,1122,318.83442944502144,0.284166158150643
Santa Cruz,Watsonville,21916,4250,2733.0426701823208,0.6430688635723107
Santa Cruz,Balance Of County,6107,3660,-1136.612725427794,-0.31054992498027156
Santa Cruz,Incorporated,40762,9963,5633.226457129094,0.5654146800290168
Santa Cruz,County Total,46869,13623,5121.417378359321,0.37593902799378415
Shasta,Anderson,2151,1187,-348.7864802988312,-0.29383865231578027
Shasta,Redding,24191,12319,-2404.8466793054686,-0.19521443942734545
Shasta,Shasta Lake,10386,4209,0,0.0
Shasta,Balance Of County,-5159,270,-2417.1147699757867,-8.952276925836246
Shasta,Incorporated,36728,17715,-2744.9539064485507,-0.15495082734679935
Shasta,County Total,31569,17985,-4984.332898065779,-0.2771383318357397
Sierra,Loyalton,-165,-28,-42.53705692803436,1.5191806045726557
Sierra,Balance Of County,54,206,-166.00335148722246,-0.8058415120738954
Sierra,Incorporated,-165,-28,-42.53705692803436,1.5191806045726557
Sierra,County Total,-111,178,-250.4611211573237,-1.4070849503220433
Siskiyou,Dorris,74,39,-7.724215246636774,-0.19805680119581473
Siskiyou,Dunsmuir,-517,-25,-249.16298731798963,9.966519492719586
Siskiyou,Etna,-102,10,-52.87664670658683,-5.287664670658684
Siskiyou,Fort Jones,71,48,-14.666666666666664,-0.3055555555555555
Siskiyou,Montague,26,79,-68.83886925795053,-0.8713780918727916
Siskiyou,Mount Shasta,-105,233,-283.46676300578036,-1.2165955493810316
Siskiyou,Tulelake,-8,-5,1.499009900990099,-0.2998019801980198
Siskiyou,Weed,-257,-87,-18.33474853037231,0.2107442359812909
Siskiyou,Yreka,829,571,-200.88514680483593,-0.3518128665583817
Siskiyou,Balance Of County,1146,3084,-2540.7877792662375,-0.8238611476219966
Siskiyou,Incorporated,11,863,-858.0518881804807,-0.9942663825961537
Siskiyou,County Total,1157,3947,-3411.6771955617833,-0.8643722309505405
Solano,Benicia,3258,1745,-466.8379506486067,-0.26752891154647945
Solano,Dixon,8881,2825,213.4836325237593,0.07556942744203869
Solano,Fairfield,35507,12207,-4.1492689129045175,-0.00033990897951212564
Solano,Rio Vista,5703,3140,-721.9004825090469,-0.22990461226402767
Solano,Suisun City,6591,2479,-436.73057610993646,-0.17617207588137818
Solano,Vacaville,26980,10661,-1731.5848116850411,-0.1624223629758035
Solano,Vallejo,9081,4804,-1485.7456020659529,-0.3092726065915805
Solano,Balance Of County,551,558,-359.12308011623077,-0.6435897493122416
Solano,Incorporated,96001,37861,-4227.56522974775,-0.11166015767538497
Solano,County Total,96552,38419,-4534.458840372223,-0.11802646712231507
Sonoma,Cloverdale,4007,1426,228.39297319252637,0.16016337531032704
Sonoma,Cotati,1558,717,-53.60938046902345,-0.07476901041704805
Sonoma,Healdsburg,2331,1171,-243.91730911395075,-0.20829829984111933
Sonoma,Petaluma,17775,6796,17.351943659361496,0.002553258337163257
Sonoma,Rohnert Park,5741,2682,-482.8584760226836,-0.18003671738355093
Sonoma,Santa Rosa,63538,21403,5362.2724062122,0.250538354726543
Sonoma,Sebastopol,571,552,-312.20933219178085,-0.565596616289458
Sonoma,Sonoma,2821,1477,-32.9988981390793,-0.022341840310818754
Sonoma,Windsor,27371,9660,0,0.0
Sonoma,Balance Of County,-8815,1107,-4823.381019564756,-4.357164425984423
Sonoma,Incorporated,125713,45884,5676.654738725461,0.12371752111248935
Sonoma,County Total,116898,46991,1506.5752945479617,0.03206093282858338
Stanislaus,Ceres,21341,4706,2647.365426115927,0.5625510892724027
Stanislaus,Hughson,4072,1310,49.41577170911319,0.037721963136727626
Stanislaus,Modesto,50334,14931,3670.881623833051,0.24585638094119958
Stanislaus,Newman,7007,2004,562.537037037037,0.2807071043098987
Stanislaus,Oakdale,10733,3573,559.6261479378863,0.1566264058040544
Stanislaus,Patterson,14104,3762,657.5585439369352,0.17478961827138095
Stanislaus,Riverbank,16019,4631,321.44604818996595,0.06941180051607988
Stanislaus,Turlock,30655,9490,1694.8931887078452,0.1785978070292777
Stanislaus,Waterford,4135,1208,55.640746174806054,0.046060220343382495
Stanislaus,Balance Of County,19135,3732,2781.485577927232,0.745306960859387
Stanislaus,Incorporated,158400,45615,11706.60747690763,0.256639427313551
Stanislaus,County Total,177535,49347,13913.517445657744,0.2819526505290645
Sutter,Live Oak,4316,1266,160.67777777777792,0.1269176759698088
Sutter,Yuba City,40060,12625,3535.044549936096,0.2800035287078096
Sutter,Balance Of County,-11835,-3715,-513.9049220421884,0.13833241508538047
Sutter,Incorporated,44376,13891,3569.671818325187,0.2569773103682375
Sutter,County Total,32541,10176,2030.6006830707138,0.19954802310050254
Tehama,Corning,1652,436,247.31448040885857,0.5672350468093087
Tehama,Red Bluff,1707,881,-182.07304052414463,-0.2066663343066341
Tehama,Tehama,26,20,-8.58852867830424,-0.42942643391521196
Tehama,Balance Of County,10985,5796,-1281.2716917814842,-0.22106136849231955
Tehama,Incorporated,3385,1337,55.58398626167218,0.04157366212540926
Tehama,County Total,14370,7133,-1224.8668010075571,-0.1717183234273878
Trinity,County Total,565,1255,-928.880425629641,-0.740143765441945
Tulare,Dinuba,12118,2766,881.8574903868789,0.3188204954399418
Tulare,Exeter,3709,1005,346.3687465640462,0.3446455189692002
Tulare,Farmersville,5013,1072,320.5446672012831,0.299015547762391
Tulare,Lindsay,4646,767,725.2029263612378,0.9455057710055251
Tulare,Porterville,30387,7889,2455.817248738187,0.31129639355281874
Tulare,Tulare,31412,8771,1919.7934674727057,0.21887965653548122
Tulare,Visalia,57492,19647,995.2260405239322,0.050655369294239944
Tulare,Woodlake,2090,586,-2.581542796759436,-0.004405363134401768
Tulare,Balance Of County,13054,573,3738.420035729835,6.524293256073011
Tulare,Incorporated,146867,42503,7641.63578979177,0.17979050395952684
Tulare,County Total,159921,43076,10763.863212159486,0.249880750584072
Tuolumne,Sonora,718,377,-16.70334697808812,-0.04430596015407989
Tuolumne,Balance Of County,5533,5925,-3041.165880414419,-0.513276941842096
Tuolumne,Incorporated,718,377,-16.70334697808812,-0.04430596015407989
Tuolumne,County Total,6251,6302,-3054.3335603434043,-0.4846609902163447
Ventura,Camarillo,17326,7898,-1692.7496032277186,-0.21432636151275242
Ventura,Fillmore,3691,1027,58.87791861240839,0.05733000838598675
Ventura,Moorpark,11334,3340,178.81266180277726,0.053536725090651875
Ventura,Ojai,-60,301,-325.66833048732434,-1.0819545863366258
Ventura,Oxnard,65212,13630,5287.243686868689,0.3879122294107622
Ventura,Port Hueneme,2486,794,121.27664599940954,0.15274136775744274
Ventura,San Buenaventura,16718,6676,68.13263178365833,0.010205606917863739
Ventura,Santa Paula,5592,934,864.8470193919079,0.9259604062011862
Ventura,Simi Valley,27091,9781,-830.1409527230626,-0.08487280980708134
Ventura,Thousand Oaks,27076,10194,-395.83991339420027,-0.038830676220737714
Ventura,Balance Of County,11904,5021,-886.1073509015259,-0.17648025311721288
Ventura,Incorporated,176466,54575,5537.4575104378455,0.10146509409872369
Ventura,County Total,188370,59596,4734.899201214925,0.0794499496814371
Yolo,Davis,22418,8056,805.3095289495286,0.09996394351409243
Yolo,West Sacramento,24265,8094,1689.922070731538,0.20878701145682457
Yolo,Winters,2616,854,27.962491916361273,0.03274296477325676
Yolo,Woodland,19386,5575,1625.2389261744966,0.29152267734071685
Yolo,Balance Of County,9001,842,1953.6327825387057,2.3202289578844484
Yolo,Incorporated,68685,22579,3998.409920975275,0.1770853412894847
Yolo,County Total,77686,23421,5752.098279158701,0.24559575932533628
Yuba,Marysville,-351,127,-271.7689873417721,-2.1399132861556858
Yuba,Wheatland,1878,660,121.82832618025759,0.1845883730003903
Yuba,Balance Of County,14822,6273,-1089.501569805525,-0.17368110470357484
Yuba,Incorporated,1527,787,-156.50383375134368,-0.19886128812114826
Yuba,County Total,16349,7060,-1094.9229752009342,-0.15508824011344677
California,Incorporated,9357153,2764550,738445.4698261651,0.26711235818710644
California,State Total,9765400,2888361,781271.7313135373,0.2704896414657092
