county,city,end year population,pop change,housing change,additional people per additional housing unit,units needed to get to begin year population to housing unit ratio,pct of change
Alameda,Alameda,78863,-1065,124,-8.588709677419354,-561.8827820038034,-4.531312758095189
Alameda,Albany,19053,65,188,0.34574468085106386,-164.92068674952603,-0.8772376954762022
Alameda,Berkeley,121874,636,534,1.1910112359550562,-269.50797604711397,-0.5046965843578913
Alameda,Dublin,63241,3555,1006,3.533797216699801,240.68607378614752,0.23925057036396374
Alameda,Emeryville,11994,140,1,140.0,83.66846634047579,83.66846634047579
Alameda,Fremont,235439,3775,516,7.315891472868217,718.5695705849851,1.3925766871802037
Alameda,Hayward,162030,990,248,3.9919354838709675,57.31762295081967,0.23111944738233736
Alameda,Livermore,91411,1763,343,5.139941690962099,283.31652686061034,0.8259957051329747
Alameda,Newark,47467,2045,540,3.787037037037037,72.61756417594995,0.13447697069620362
Alameda,Oakland,428827,2753,534,5.155430711610487,574.9949351521097,1.0767695414833516
Alameda,Piedmont,11318,35,4,8.75,8.23743685190109,2.0593592129752727
Alameda,Pleasanton,79201,3285,878,3.7414578587699316,297.9465725275304,0.3393468935393285
Alameda,San Leandro,87598,-676,87,-7.7701149425287355,-335.9530779164873,-3.861529631223992
Alameda,Union City,72991,-461,2,-230.5,-136.93218700648043,-68.46609350324022
Alameda,Balance Of County,148895,-1997,106,-18.839622641509433,-783.1366805397238,-7.388081891884187
Alameda,Incorporated,1511307,16840,5005,3.364635364635365,1144.885196528261,0.2287482910146376
Alameda,County Total,1660202,14843,5111,2.904128350616318,274.0381880185414,0.053617332815210604
Alpine,County Total,1154,3,-2,-1.5,6.639443961772372,999999
Amador,Amador,186,-7,0,0,-3.989637305699482,999999
Amador,Ione,8058,286,0,0,64.72902727740608,999999
Amador,Jackson,4679,-159,14,-11.357142857142858,-90.31211244315834,-6.45086517451131
Amador,Plymouth,1002,-7,8,-0.875,-11.36471754212091,-1.4205896927651138
Amador,Sutter Creek,2479,-103,11,-9.363636363636363,-66.20991479473277,-6.019083163157524
Amador,Balance Of County,21690,-298,-1,298.0,-163.38248135346552,999999
Amador,Incorporated,16404,10,33,0.30303030303030304,-29.303525680126874,-0.8879856266705114
Amador,County Total,38094,-288,32,-9.0,-168.4814756917305,-5.265046115366578
Butte,Biggs,1913,8,1,8.0,1.9018372703412072,1.9018372703412072
Butte,Chico,92348,-1035,469,-2.20682302771855,-905.0315582065258,-1.9297048149392875
Butte,Gridley,6937,233,16,14.5625,70.92318019093078,4.432698761933174
Butte,Oroville,18144,107,14,7.642857142857143,29.418140488994844,2.1012957492139175
Butte,Paradise,26572,731,27,27.074074074074073,342.559382376843,12.687384532475667
Butte,Balance Of County,81707,1173,-45,-26.066666666666666,568.6945265353763,999999
Butte,Incorporated,145914,44,527,0.08349146110056926,-508.02211558236786,-0.9639888341221402
Butte,County Total,227621,1217,482,2.524896265560166,49.46590607939788,0.10262636116057652
Calaveras,Angels City,4121,101,19,5.315789473684211,30.0679104477612,1.5825216025137474
Calaveras,Balance Of County,41036,-112,147,-0.7619047619047619,-217.6464469719063,-1.4805880746388185
Calaveras,Incorporated,4121,101,19,5.315789473684211,30.0679104477612,1.5825216025137474
Calaveras,County Total,45157,-11,166,-0.06626506024096386,-172.79658165072618,-1.040943262956182
Colusa,Colusa,6241,-99,3,-33.0,-40.273343848580446,-13.424447949526815
Colusa,Williams,5465,34,36,0.9444444444444444,-26.24010311176579,-0.7288917531046053
Colusa,Balance Of County,10392,120,0,0,48.66822429906542,999999
Colusa,Incorporated,11706,-65,39,-1.6666666666666667,-60.78999235409056,-1.5587177526689886
Colusa,County Total,22098,55,39,1.4102564102564104,-18.75956085832237,-0.4810143809826249
Contra Costa,Antioch,113061,-1180,22,-53.63636363636363,-392.3994187725948,-17.836337216936126
Contra Costa,Brentwood,63042,1987,499,3.9819639278557113,140.66071574809598,0.28188520189999194
Contra Costa,Clayton,11431,147,1,147.0,52.55521091811414,52.55521091811414
Contra Costa,Concord,129159,789,28,28.178571428571427,262.4862351016593,9.374508396487832
Contra Costa,Danville,44396,1041,25,41.64,363.2830354053742,14.531321416214968
Contra Costa,El Cerrito,24939,339,47,7.212765957446808,101.76036585365853,2.1651141670991176
Contra Costa,Hercules,26317,642,25,25.68,193.51754625121714,7.740701850048685
Contra Costa,Lafayette,25655,456,11,41.45454545454545,168.72903686654232,15.339003351503846
Contra Costa,Martinez,38097,439,2,219.5,175.69602740453556,87.84801370226778
Contra Costa,Moraga,16991,315,30,10.5,78.99196449988007,2.6330654833293354
Contra Costa,Oakley,41742,543,214,2.5373831775700935,-49.36947498725698,-0.23069848124886438
Contra Costa,Orinda,19199,264,31,8.516129032258064,66.8480063374703,2.1563873012087194
Contra Costa,Pinole,19236,261,2,130.5,96.4991304347826,48.2495652173913
Contra Costa,Pittsburg,72647,2829,537,5.268156424581005,373.1520811252112,0.6948828326354026
Contra Costa,Pleasant Hill,35068,411,0,0,169.9642785007358,999999
Contra Costa,Richmond,110967,-818,29,-28.20689655172414,-319.0338149125554,-11.001166031467427
Contra Costa,San Pablo,31593,540,4,135.0,161.653560042508,40.413390010627
Contra Costa,San Ramon,82643,2093,292,7.167808219178082,443.52515207945373,1.5189217536967594
Contra Costa,Walnut Creek,70667,-307,73,-4.205479452054795,-218.36368247527264,-2.9912833215790773
Contra Costa,Balance Of County,172513,-941,-145,6.489655172413793,-202.8554544720791,999999
Contra Costa,Incorporated,976850,10791,1872,5.764423076923077,2016.0525061098756,1.0769511250586943
Contra Costa,County Total,1149363,9850,1727,5.7035321366531555,1836.0401759348074,1.0631384921452272
Del Norte,Crescent City,6590,201,0,0,59.71169197057442,999999
Del Norte,Balance Of County,20631,-104,16,-6.5,-63.187460815047025,-3.949216300940439
Del Norte,Incorporated,6590,201,0,0,59.71169197057442,999999
Del Norte,County Total,27221,97,16,6.0625,24.43216339772895,1.5270102123580593
El Dorado,Placerville,10642,-101,52,-1.9423076923076923,-95.66043004747277,-1.8396236547590918
El Dorado,South Lake Tahoe,21892,868,604,1.4370860927152318,22.51731354642311,0.037280320441097865
El Dorado,Balance Of County,155865,2570,736,3.4918478260869565,446.5068006131969,0.6066668486592349
El Dorado,Incorporated,32534,767,656,1.1692073170731707,-177.4791135455032,-0.2705474291852183
El Dorado,County Total,188399,3337,1392,2.3972701149425286,237.22675103478855,0.17042151654798027
Fresno,Clovis,113883,3121,985,3.168527918781726,133.59173723840308,0.13562612917604375
Fresno,Coalinga,16791,-191,9,-21.22222222222222,-59.40996349075492,-6.601107054528324
Fresno,Firebaugh,8112,-90,-2,45.0,-21.42721287490856,999999
Fresno,Fowler,6241,150,26,5.769230769230769,23.64702019372845,0.9095007766818635
Fresno,Fresno,538330,12498,860,14.532558139534883,3390.178501878927,3.9420680254406126
Fresno,Huron,7302,116,-2,-58.0,29.038686334539385,999999
Fresno,Kerman,15083,469,71,6.605633802816901,61.991378130559724,0.8731180018388693
Fresno,Kingsburg,12392,54,48,1.125,-29.60901280596531,-0.6168544334576106
Fresno,Mendota,12051,223,75,2.973333333333333,-24.679827527899903,-0.3290643670386654
Fresno,Orange Cove,9469,100,17,5.882352941176471,7.485003735724199,0.4402943373955411
Fresno,Parlier,15493,-7,9,-0.7777777777777778,-10.661935483870968,-1.1846594982078853
Fresno,Reedley,26390,238,67,3.5522388059701493,-1.9941113490364017,-0.02976285595576719
Fresno,Sanger,26648,236,68,3.4705882352941178,-1.0118128123580163,-0.014879600181735534
Fresno,San Joaquin,4119,49,0,0,11.22063882063882,999999
Fresno,Selma,24742,-414,0,0,-115.99109556368262,999999
Fresno,Balance Of County,170183,-5298,84,-63.07142857142857,-1934.787241923627,-23.03318145147175
Fresno,Incorporated,837046,16552,2231,7.419094576423129,3184.1761841037232,1.4272416782177155
Fresno,County Total,1007229,11254,2315,4.86133909287257,1410.8454720249001,0.6094364889956372
Glenn,Orland,7932,120,29,4.137931034482759,15.66973886328725,0.5403358228719741
Glenn,Willows,6064,-123,2,-61.5,-50.84612898011961,-25.423064490059804
Glenn,Balance Of County,14800,68,9,7.555555555555555,17.61010046158023,1.9566778290644702
Glenn,Incorporated,13996,-3,31,-0.0967741935483871,-32.14972498035574,-1.0370879025921207
Glenn,County Total,28796,65,40,1.625,-14.819880964811528,-0.3704970241202882
Humboldt,Arcata,18398,24,52,0.46153846153846156,-41.59355611189724,-0.799876079074947
Humboldt,Blue Lake,1280,-15,0,0,-6.764478764478764,999999
Humboldt,Eureka,26362,-758,7,-108.28571428571429,-340.80508849557526,-48.68644121365361
Humboldt,Ferndale,1367,-78,2,-39.0,-40.811072664359855,-20.405536332179928
Humboldt,Fortuna,12042,53,50,1.06,-27.476436733672532,-0.5495287346734506
Humboldt,Rio Dell,3348,-99,3,-33.0,-44.90339425587468,-14.96779808529156
Humboldt,Trinidad,340,-29,0,0,-19.804878048780488,999999
Humboldt,Balance Of County,72865,-49,84,-0.5833333333333334,-107.28766766327453,-1.2772341388485065
Humboldt,Incorporated,63137,-902,114,-7.912280701754386,-508.65229001077466,-4.46186219307697
Humboldt,County Total,136002,-951,198,-4.803030303030303,-633.1936211693062,-3.1979475816631626
Imperial,Brawley,27417,489,-5,-97.8,157.41299019607845,999999
Imperial,Calexico,41199,278,23,12.08695652173913,50.57444832726473,2.1988890577071625
Imperial,Calipatria,7488,-67,0,0,-9.950231634679021,999999
Imperial,El Centro,46315,687,93,7.387096774193548,127.1567896905409,1.36727730850044
Imperial,Holtville,6501,246,2,123.0,75.20191846522782,37.60095923261391
Imperial,Imperial,19372,714,225,3.1733333333333333,-9.131525351055842,-0.04058455711580374
Imperial,Westmorland,2325,23,0,0,6.764118158123371,999999
Imperial,Balance Of County,40007,-80,-2,40.0,-26.244568064459802,999999
Imperial,Incorporated,150617,2370,338,7.011834319526627,353.39854432130164,1.0455578234358036
Imperial,County Total,190624,2290,336,6.815476190476191,361.953051493623,1.0772412246834018
Inyo,Bishop,3922,-32,0,0,-15.643904906423874,999999
Inyo,Balance Of County,14655,-10,7,-1.4285714285714286,-12.170132969655644,-1.7385904242365204
Inyo,Incorporated,3922,-32,0,0,-15.643904906423874,999999
Inyo,County Total,18577,-42,7,-6.0,-28.463558730329233,-4.066222675761319
Kern,Arvin,21696,539,81,6.654320987654321,39.32410077043059,0.48548272556087146
Kern,Bakersfield,386839,3327,927,3.588996763754045,188.89380254072876,0.20376893477964267
Kern,California City,14875,627,-4,-156.75,233.75624649073552,999999
Kern,Delano,53276,124,52,2.3846153846153846,-26.629364840457555,-0.5121031700087991
Kern,Maricopa,1156,16,-1,-16.0,7.526315789473684,999999
Kern,Mcfarland,15105,186,31,6.0,6.50170922984114,0.2097325558013271
Kern,Ridgecrest,28822,473,50,9.46,152.88828530106883,3.0577657060213768
Kern,Shafter,19271,403,132,3.053030303030303,-25.846194615221535,-0.1958045046607692
Kern,Taft,9482,-10,7,-1.4285714285714286,-9.672777075431943,-1.3818252964902775
Kern,Tehachapi,12299,19,22,0.8636363636363636,-16.366530944625406,-0.7439332247557003
Kern,Wasco,27691,711,113,6.292035398230088,43.40418828762046,0.3841078609523934
Kern,Balance Of County,315289,4274,295,14.488135593220338,1277.4950436474126,4.33049167338106
Kern,Incorporated,590512,6415,1410,4.549645390070922,590.6973242458016,0.4189342725147529
Kern,County Total,905801,10689,1705,6.269208211143695,1836.8077782445102,1.0773066148061643
Kings,Avenal,13053,562,2,281.0,109.71611560323433,54.858057801617164
Kings,Corcoran,21450,-336,9,-37.333333333333336,-71.89396860369044,-7.988218733743382
Kings,Hanford,58176,2531,706,3.584985835694051,171.76508221762958,0.24329331758871045
Kings,Lemoore,25892,-477,50,-9.54,-216.60358754598204,-4.332071750919641
Kings,Balance Of County,33091,-155,-5,31.0,-43.20264091920832,999999
Kings,Incorporated,118571,2280,767,2.9726205997392436,-79.43759190307071,-0.10356922021260849
Kings,County Total,151662,2125,762,2.788713910761155,-116.72826123300592,-0.15318669453150383
Lake,Clearlake,15917,386,-133,-2.9022556390977443,332.9962655334492,999999
Lake,Lakeport,5134,348,2,174.0,175.41746761387378,87.70873380693689
Lake,Balance Of County,44030,-598,218,-2.743119266055046,-539.4042305279197,-2.474331332696879
Lake,Incorporated,21051,734,-131,-5.603053435114504,509.86784466210565,999999
Lake,County Total,65081,136,87,1.5632183908045978,-14.810793748556478,-0.17023900860409744
Lassen,Susanville,14954,-92,4,-23.0,-29.968629536089328,-7.492157384022332
Lassen,Balance Of County,15957,85,4,21.25,41.52576864919355,10.381442162298388
Lassen,Incorporated,14954,-92,4,-23.0,-29.968629536089328,-7.492157384022332
Lassen,County Total,30911,-7,8,-0.875,-10.886215149750953,-1.3607768937188691
Los Angeles,Agoura Hills,20878,-140,2,-70.0,-52.776477305167,-26.3882386525835
Los Angeles,Alhambra,86665,-257,68,-3.7794117647058822,-161.58759577552289,-2.376288173169454
Los Angeles,Arcadia,57704,330,60,5.5,60.843936277756484,1.0140656046292746
Los Angeles,Artesia,16792,-24,0,0,-6.717887725975261,999999
Los Angeles,Avalon,3867,149,2,74.5,89.85260892953201,44.926304464766005
Los Angeles,Azusa,49954,192,97,1.9793814432989691,-41.914111169165224,-0.4321042388573734
Los Angeles,Baldwin Park,76708,1171,45,26.022222222222222,232.15077379297566,5.158906084288348
Los Angeles,Bell,36325,-83,1,-83.0,-22.007608217974074,-22.007608217974074
Los Angeles,Bellflower,77682,1025,53,19.339622641509433,280.2516926047197,5.287767784994712
Los Angeles,Bell Gardens,43051,227,12,18.916666666666668,41.03416308611993,3.4195135905099945
Los Angeles,Beverly Hills,34504,-142,19,-7.473684210526316,-86.34814985856953,-4.544639466240501
Los Angeles,Bradbury,1069,-38,0,0,-14.039747064137309,999999
Los Angeles,Burbank,107149,2116,19,111.36842105263158,879.9771595593766,46.31458734523034
Los Angeles,Calabasas,24296,94,37,2.5405405405405403,-1.461614742583258,-0.03950310115089886
Los Angeles,Carson,93799,125,67,1.8656716417910448,-32.008967269466446,-0.4777457801412902
Los Angeles,Cerritos,50058,19,0,0,6.102599972021824,999999
Los Angeles,Claremont,36446,221,53,4.169811320754717,22.686017943409254,0.4280380744039482
Los Angeles,Commerce,13067,3,-1,-3.0,1.7975352112676055,999999
Los Angeles,Compton,99872,-178,13,-13.692307692307692,-56.75722138930534,-4.365940106869642
Los Angeles,Covina,49006,-5,25,-0.2,-26.698496255942544,-1.0679398502377018
Los Angeles,Cudahy,24343,-68,0,0,-16.084224325099342,999999
Los Angeles,Culver City,39860,-243,-6,40.5,-100.54843777273521,999999
Los Angeles,Diamond Bar,57460,394,58,6.793103448275862,71.07563172466968,1.2254419262874081
Los Angeles,Downey,114146,314,126,2.492063492063492,-27.628118630964934,-0.219270782785436
Los Angeles,Duarte,22013,-20,0,0,-6.660009985022467,999999
Los Angeles,El Monte,117204,2936,48,61.166666666666664,704.0114817796758,14.666905870409913
Los Angeles,El Segundo,16784,67,-2,-33.5,31.79870790213555,999999
Los Angeles,Gardena,61246,525,79,6.6455696202531644,109.43316150919782,1.3852298925214914
Los Angeles,Glendale,205536,3788,1450,2.6124137931034483,28.15139679203753,0.019414756408301745
Los Angeles,Glendora,52703,95,76,1.25,-43.12705291970803,-0.5674612226277372
Los Angeles,Hawaiian Gardens,14666,-87,8,-10.875,-29.884159154070357,-3.7355198942587946
Los Angeles,Hawthorne,88772,1110,4,277.5,382.85770345189474,95.71442586297368
Los Angeles,Hermosa Beach,19673,57,-12,-4.75,41.16833197389886,999999
Los Angeles,Hidden Hills,1892,7,-3,-2.3333333333333335,5.354376657824933,999999
Los Angeles,Huntington Park,59473,90,2,45.0,20.997490864388798,10.498745432194399
Los Angeles,Industry,437,-3,0,0,-0.4636363636363636,999999
Los Angeles,Inglewood,113559,-1341,3,-447.0,-454.10819843342034,-151.36939947780678
Los Angeles,Irwindale,1450,27,10,2.7,-2.6001405481377367,-0.26001405481377365
Los Angeles,La Canada Flintridge,20683,186,11,16.90909090909091,53.25652534517246,4.841502304106587
Los Angeles,La Habra Heights,5454,-9,-1,9.0,-2.1268533772652387,999999
Los Angeles,Lakewood,81179,1907,-1,-1907.0,663.8263573519024,999999
Los Angeles,La Mirada,49590,156,0,0,47.758708581138485,999999
Los Angeles,Lancaster,161485,3665,74,49.527027027027025,1152.3189392979343,15.571877558080194
Los Angeles,La Puente,40686,231,5,46.2,50.941342232109754,10.18826844642195
Los Angeles,La Verne,33260,86,27,3.185185185185185,4.419786579851692,0.16369579925376637
Los Angeles,Lawndale,33607,242,1,242.0,72.6988460962086,72.6988460962086
Los Angeles,Lomita,20715,312,17,18.352941176470587,112.55271283634758,6.620747813902799
Los Angeles,Long Beach,478561,-1612,275,-5.861818181818182,-869.1101228099039,-3.160400446581469
Los Angeles,Los Angeles,4054400,12693,13852,0.9163297718740976,-9235.9448072312,-0.6667589378596015
Los Angeles,Lynwood,72015,18,8,2.25,-4.172090503770991,-0.5215113129713739
Los Angeles,Malibu,12957,215,6,35.833333333333336,110.54410610579187,18.424017684298644
Los Angeles,Manhattan Beach,35991,503,58,8.672413793103448,154.47951420198376,2.6634399000342026
Los Angeles,Maywood,28044,28,1,28.0,5.756139348943461,5.756139348943461
Los Angeles,Monrovia,38787,273,11,24.818181818181817,95.3958560523446,8.672350550213146
Los Angeles,Montebello,64327,410,44,9.318181818181818,84.09252624497395,1.9111937782948625
Los Angeles,Monterey Park,62240,634,15,42.266666666666666,202.80307112943547,13.520204741962365
Los Angeles,Norwalk,107546,2020,47,42.97872340425532,489.36449784887134,10.412010592529178
Los Angeles,Palmdale,158905,300,43,6.976744186046512,45.9227956243498,1.067971991263949
Los Angeles,Palos Verdes Estates,13519,-144,1,-144.0,-56.82727073117178,-56.82727073117178
Los Angeles,Paramount,56000,77,15,5.133333333333334,5.150832394542498,0.3433888263028332
Los Angeles,Pasadena,144388,1055,404,2.6113861386138613,50.62754564545503,0.12531570704320552
Los Angeles,Pico Rivera,64260,214,13,16.46153846153846,44.24732223714206,3.4036401720878504
Los Angeles,Pomona,155687,381,239,1.594142259414226,-137.78744543031178,-0.5765165080766184
Los Angeles,Rancho Palos Verdes,42723,-161,26,-6.1923076923076925,-87.16152877530081,-3.3523664913577234
Los Angeles,Redondo Beach,68677,-230,15,-15.333333333333334,-117.51483884075638,-7.834322589383759
Los Angeles,Rolling Hills,1939,17,0,0,6.359521331945889,999999
Los Angeles,Rolling Hills Estates,8111,52,0,0,20.00893411093188,999999
Los Angeles,Rosemead,55267,283,80,3.5375,-3.4133566128328283,-0.04266695766041036
Los Angeles,San Dimas,34507,276,5,55.2,98.10794309251848,19.621588618503697
Los Angeles,San Fernando,24602,116,7,16.571428571428573,23.456750796373438,3.35096439948192
Los Angeles,San Gabriel,40920,-100,38,-2.6315789473684212,-70.92296440760605,-1.866393800200159
Los Angeles,San Marino,13272,-195,3,-65.0,-67.86968144352863,-22.62322714784288
Los Angeles,Santa Clarita,216589,239,379,0.6306068601583114,-297.34672983591406,-0.7845560153981901
Los Angeles,Santa Fe Springs,18335,44,32,1.375,-18.860860532502322,-0.5894018916406976
Los Angeles,Santa Monica,92416,-1418,31,-45.74193548387097,-823.0090798644414,-26.548679995627143
Los Angeles,Sierra Madre,10986,-24,3,-8.0,-14.156403269754769,-4.718801089918256
Los Angeles,Signal Hill,11749,140,73,1.917808219178082,-18.333792747006633,-0.2511478458494059
Los Angeles,South El Monte,20882,20,1,20.0,3.6390566580385384,3.6390566580385384
Los Angeles,South Gate,98133,-500,6,-83.33333333333333,-130.18257581134102,-21.697095968556837
Los Angeles,South Pasadena,26047,55,2,27.5,21.604378270236996,10.802189135118498
Los Angeles,Temple City,36411,22,51,0.43137254901960786,-43.62474923740691,-0.8553872399491551
Los Angeles,Torrance,149245,2144,-1,-2144.0,854.0467637881455,999999
Los Angeles,Vernon,209,0,0,0,0.0,999999
Los Angeles,Walnut,30457,323,85,3.8,10.793820933165193,0.12698612862547287
Los Angeles,West Covina,108245,432,-36,-12.0,167.9725079535863,999999
Los Angeles,West Hollywood,36723,841,621,1.35426731078905,-30.08277130594729,-0.04844246587109064
Los Angeles,Westlake Village,8358,-12,0,0,-4.854480286738351,999999
Los Angeles,Whittier,87369,-339,69,-4.913043478260869,-183.57695991243673,-2.66053565090488
Los Angeles,Balance Of County,1057162,4132,473,8.735729386892178,748.0320351746864,1.5814630764792523
Los Angeles,Incorporated,9226567,38319,19068,2.0095972309628696,-5655.314897791179,-0.2965866843817484
Los Angeles,County Total,10283729,42451,19541,2.1724067345581086,-4919.98085453788,-0.2517773325079515
Madera,Chowchilla,18835,-5,26,-0.19230769230769232,-27.15711252653928,-1.0445043279438184
Madera,Madera,66225,143,150,0.9533333333333334,-111.80795072788354,-0.7453863381858903
Madera,Balance Of County,73834,2264,14,161.71428571428572,875.4037166410508,62.5288369029322
Madera,Incorporated,85060,138,176,0.7840909090909091,-140.23492145733732,-0.7967893264621438
Madera,County Total,158894,2402,190,12.642105263157895,579.369999744396,3.0493157881284
Marin,Belvedere,2135,-37,1,-37.0,-18.835635359116022,-18.835635359116022
Marin,Corte Madera,10039,553,180,3.0722222222222224,54.759751212312864,0.3042208400684048
Marin,Fairfax,7534,-37,5,-7.4,-22.539690925901468,-4.5079381851802935
Marin,Larkspur,12351,-221,-2,110.5,-111.91027680559974,999999
Marin,Mill Valley,14963,53,11,4.818181818181818,12.581623071763918,1.1437839156149017
Marin,Novato,54551,29,27,1.0740740740740742,-15.60626902901581,-0.5780099640376226
Marin,Ross,2533,-10,1,-10.0,-4.503735745182855,-4.503735745182855
Marin,San Anselmo,13000,63,14,4.5,13.022261729921926,0.9301615521372805
Marin,San Rafael,60651,-191,18,-10.61111111111111,-93.5310476315703,-5.196169312865017
Marin,Sausalito,7226,-101,0,0,-63.14740002729631,999999
Marin,Tiburon,9648,140,5,28.0,54.35422801851073,10.870845603702147
Marin,Balance Of County,69255,41,34,1.2058823529411764,-16.413254543878406,-0.48274278070230603
Marin,Incorporated,194631,241,260,0.926923076923077,-157.9540614229127,-0.6075156208573566
Marin,County Total,263886,282,294,0.9591836734693877,-174.1849820184823,-0.592465925232933
Mariposa,County Total,18129,-19,-43,0.4418604651162791,32.01542869737712,999999
Mendocino,Fort Bragg,7512,-260,6,-43.333333333333336,-114.55635615028307,-19.092726025047178
Mendocino,Point Arena,448,-4,0,0,-2.017699115044248,999999
Mendocino,Ukiah,16226,-88,42,-2.0952380952380953,-77.22373421601078,-1.8386603384764473
Mendocino,Willits,5128,200,7,28.571428571428573,78.1461038961039,11.163729128014841
Mendocino,Balance Of County,59985,317,-389,-0.8149100257069408,541.9694476101092,999999
Mendocino,Incorporated,29314,-152,55,-2.7636363636363637,-117.42286024570691,-2.1349610953764895
Mendocino,County Total,89299,165,-334,-0.4940119760479042,409.7007427019993,999999
Merced,Atwater,31235,829,138,6.007246376811594,134.42544234690519,0.9740974083109072
Merced,Dos Palos,5679,288,58,4.9655172413793105,33.726210350584296,0.5814863853549016
Merced,Gustine,5874,-12,12,-1.0,-16.301732925586137,-1.3584777437988447
Merced,Livingston,14328,381,49,7.775510204081633,45.16412131641212,0.921716761559431
Merced,Los Banos,40986,993,266,3.7330827067669174,25.744805340934647,0.09678498248471672
Merced,Merced,86750,2286,145,15.76551724137931,605.1817105512407,4.1736669693189015
Merced,Balance Of County,95125,547,91,6.010989010989011,73.45048531370932,0.807148190260542
Merced,Incorporated,184852,4765,668,7.133233532934132,833.1494999639065,1.2472297903651295
Merced,County Total,279977,5312,759,6.998682476943347,888.1425773214644,1.1701483232166856
Modoc,Alturas,2868,208,0,0,109.78646616541353,999999
Modoc,Balance Of County,6744,-176,6,-29.333333333333332,-104.12254335260116,-17.353757225433526
Modoc,Incorporated,2868,208,0,0,109.78646616541353,999999
Modoc,County Total,9612,32,6,5.333333333333333,11.576617954070983,1.9294363256784972
Mono,Mammoth Lakes,8316,314,13,24.153846153846153,367.43364158960264,28.26412627612328
Mono,Balance Of County,5506,-205,0,0,-156.25372088951147,999999
Mono,Incorporated,8316,314,13,24.153846153846153,367.43364158960264,28.26412627612328
Mono,County Total,13822,109,13,8.384615384615385,98.66280172099468,7.58944628623036
Monterey,Carmel-By-The-Sea,3750,-92,8,-11.5,-89.91879229567932,-11.239849036959916
Monterey,Del Rey Oaks,1692,11,0,0,4.848899464604402,999999
Monterey,Gonzales,8587,38,0,0,8.832144110422272,999999
Monterey,Greenfield,18007,141,1,141.0,29.889622747117432,29.889622747117432
Monterey,King City,14880,400,20,20.0,72.04419889502762,3.602209944751381
Monterey,Marina,22424,896,96,9.333333333333334,211.19881085098478,2.1999876130310914
Monterey,Monterey,28323,-505,0,0,-239.3266962675177,999999
Monterey,Pacific Grove,15660,162,0,0,85.60975609756098,999999
Monterey,Salinas,161784,-686,100,-6.86,-281.8425678586816,-2.818425678586816
Monterey,Sand City,394,10,9,1.1111111111111112,-4.390625,-0.4878472222222222
Monterey,Seaside,34270,105,0,0,33.54529489243378,999999
Monterey,Soledad,26246,181,68,2.661764705882353,-40.51494341070401,-0.5958079913338824
Monterey,Balance Of County,107264,255,207,1.2318840579710144,-113.88278556009308,-0.5501583843482758
Monterey,Incorporated,336017,661,302,2.1887417218543046,-103.42760230918785,-0.3424755043350591
Monterey,County Total,443281,916,509,1.799607072691552,-219.47430063409178,-0.4311872311082353
Napa,American Canyon,20990,420,83,5.0602409638554215,42.14244044725328,0.5077402463524492
Napa,Calistoga,5334,96,2,48.0,41.473081328751434,20.736540664375717
Napa,Napa,80403,-225,63,-3.5714285714285716,-148.18287691620776,-2.352109157400123
Napa,St Helena,6118,85,12,7.083333333333333,28.32322227747389,2.360268523122824
Napa,Yountville,2874,-61,0,0,-26.894037478705282,999999
Napa,Balance Of County,25575,-1429,-562,2.5427046263345194,-92.96715301436825,999999
Napa,Incorporated,115719,315,160,1.96875,-42.13294166580016,-0.263330885411251
Napa,County Total,141294,-1114,-402,2.771144278606965,-32.615513173417185,999999
Nevada,Grass Valley,13041,182,8,22.75,86.65868263473054,10.832335329341317
Nevada,Nevada City,3226,18,4,4.5,4.646508728179551,1.1616271820448878
Nevada,Truckee,16681,777,90,8.633333333333333,556.4577464788733,6.182863849765259
Nevada,Balance Of County,66207,-650,86,-7.558139534883721,-398.0451112075026,-4.628431525668635
Nevada,Incorporated,32948,977,102,9.57843137254902,553.8254981076601,5.42966174615353
Nevada,County Total,99155,327,188,1.7393617021276595,-10.791729064637536,-0.05740281417360392
Orange,Aliso Viejo,51950,1638,637,2.5714285714285716,-6.862259500715595,-0.010772777866115534
Orange,Anaheim,357084,-1462,665,-2.1984962406015036,-1103.572272455975,-1.6595071766255265
Orange,Brea,44890,676,97,6.969072164948454,151.63418826616004,1.5632390542903096
Orange,Buena Park,83995,111,57,1.9473684210526316,-23.926541414334082,-0.4197638844620014
Orange,Costa Mesa,115296,1252,167,7.497005988023952,301.42962365402826,1.8049678063115464
Orange,Cypress,49978,323,128,2.5234375,-22.33466921760146,-0.1744896032625114
Orange,Dana Point,34071,372,28,13.285714285714286,149.20751357607048,5.328839770573945
Orange,Fountain Valley,56920,211,7,30.142857142857142,64.84395774921089,9.263422535601554
Orange,Fullerton,144214,1980,704,2.8125,-25.712811282815665,-0.03652387966309043
Orange,Garden Grove,176896,619,75,8.253333333333334,92.81197206669049,1.2374929608892065
Orange,Huntington Beach,202648,5074,428,11.855140186915888,1658.0582465304142,3.873967865725267
Orange,Irvine,276176,9090,3798,2.3933649289099526,-439.66283519166154,-0.11576167329954228
Orange,Laguna Beach,23309,-196,9,-21.77777777777778,-117.38579025739205,-13.042865584154672
Orange,Laguna Hills,31818,274,2,137.0,96.12021303575956,48.06010651787978
Orange,Laguna Niguel,65377,-1312,4,-328.0,-513.2265291127472,-128.3066322781868
Orange,Laguna Woods,16597,278,0,0,222.80544150989644,999999
Orange,La Habra,62850,766,159,4.817610062893082,89.14432059789962,0.5606561043893058
Orange,Lake Forest,84845,-86,417,-0.20623501199040767,-446.3599510190625,-1.0704075564006295
Orange,La Palma,15948,-36,10,-3.6,-21.77927927927928,-2.1779279279279278
Orange,Los Alamitos,11863,124,5,24.8,41.37192265099242,8.274384530198484
Orange,Mission Viejo,95987,-731,33,-22.151515151515152,-296.6400876775781,-8.989093565987215
Orange,Newport Beach,87182,2267,544,4.167279411764706,634.0444208914798,1.1655228325211027
Orange,Orange,141952,1070,448,2.388392857142857,-104.16636617878788,-0.23251421022050867
Orange,Placentia,52755,487,10,48.7,149.8673375679192,14.98673375679192
Orange,Rancho Santa Margarita,49329,727,36,20.194444444444443,222.8970824245916,6.191585622905322
Orange,San Clemente,65543,-432,214,-2.0186915887850465,-385.47731716559304,-1.801295874605575
Orange,San Juan Capistrano,36759,497,61,8.147540983606557,107.84184545805527,1.7678991058697586
Orange,Santa Ana,338247,-3094,161,-19.217391304347824,-867.0234604105572,-5.385238884537622
Orange,Seal Beach,25984,1094,-3,-364.6666666666667,641.6428284451587,999999
Orange,Stanton,39470,-141,2,-70.5,-42.497765772134,-21.248882886067
Orange,Tustin,82344,-28,282,-0.09929078014184398,-291.46205021123683,-1.033553369543393
Orange,Villa Park,5951,7,0,0,2.3847577388963663,999999
Orange,Westminster,94476,943,62,15.209677419354838,218.8442795590861,3.5297464445013884
Orange,Yorba Linda,69121,1231,350,3.5171428571428573,69.79837973191928,0.19942394209119796
Orange,Balance Of County,129278,3486,1009,3.454905847373637,121.63878466039182,0.12055380045628525
Orange,Incorporated,3091825,23593,9597,2.4583724080441804,-1578.7239856699234,-0.16450182199332328
Orange,County Total,3221103,27079,10606,2.553177446728267,-1419.5309950707942,-0.1338422586338671
Placer,Auburn,14611,515,38,13.552631578947368,191.1852298524404,5.031190259274747
Placer,Colfax,2150,80,0,0,35.787439613526566,999999
Placer,Lincoln,48591,426,197,2.1624365482233503,-30.739271255060714,-0.15603690992416605
Placer,Loomis,6824,49,13,3.769230769230769,5.283690036900371,0.4064376951461824
Placer,Rocklin,66830,2413,855,2.8222222222222224,49.823493798220966,0.058273092161661946
Placer,Roseville,137213,1345,935,1.4385026737967914,-416.2066491005977,-0.44514080117710986
Placer,Balance Of County,113313,1867,293,6.3720136518771335,668.6274608330492,2.282004985778325
Placer,Incorporated,276219,4828,2038,2.368989205103042,-168.52003935281573,-0.08268893000628838
Placer,County Total,389532,6695,2331,2.872157872157872,510.5849434615775,0.21904115978617653
Plumas,Portola,2161,34,0,0,18.015044663845792,999999
Plumas,Balance Of County,17612,-80,36,-2.2222222222222223,-102.41193759891476,-2.844776044414299
Plumas,Incorporated,2161,34,0,0,18.015044663845792,999999
Plumas,County Total,19773,-46,36,-1.2777777777777777,-72.70437459003986,-2.0195659608344405
Riverside,Banning,31282,214,-9,-23.77777777777778,92.76638341702072,999999
Riverside,Beaumont,48237,2058,502,4.099601593625498,175.39881764438383,0.34940003514817497
Riverside,Blythe,19389,-271,-5,54.2,-70.38652085452695,999999
Riverside,Calimesa,8876,239,73,3.2739726027397262,36.026282273937724,0.4935107160813387
Riverside,Canyon Lake,11018,127,5,25.4,48.15085850702415,9.63017170140483
Riverside,Cathedral City,54791,234,101,2.3168316831683167,-10.422952141796642,-0.1031975459583826
Riverside,Coachella,45635,84,45,1.8666666666666667,-25.801211828499923,-0.5733602628555539
Riverside,Corona,168574,815,347,2.3487031700288186,-109.29024970344364,-0.3149574919407598
Riverside,Desert Hot Springs,29742,631,146,4.321917808219178,103.42176496856857,0.7083682532093738
Riverside,Eastvale,64855,242,152,1.5921052631578947,-89.61326668007986,-0.5895609650005253
Riverside,Hemet,83166,1298,13,99.84615384615384,557.5663507109005,42.88971928545388
Riverside,Indian Wells,5574,124,33,3.757575757575758,87.45064220183487,2.6500194606616625
Riverside,Indio,87883,-835,256,-3.26171875,-554.110755427309,-2.1644951383879256
Riverside,Jurupa Valley,106054,4739,544,8.711397058823529,744.4616690519667,1.3684957151690564
Riverside,Lake Elsinore,63365,1273,208,6.1201923076923075,170.812423500612,0.821213574522173
Riverside,La Quinta,41204,527,99,5.3232323232323235,218.98529881751358,2.21197271532842
Riverside,Menifee,91902,1242,577,2.152512998266898,-120.70953011250828,-0.20920195860053428
Riverside,Moreno Valley,207629,879,425,2.068235294117647,-186.2733784764208,-0.4382903022974607
Riverside,Murrieta,113541,-1373,249,-5.514056224899599,-683.8020519692989,-2.746192979796381
Riverside,Norco,26761,-121,0,0,-32.975448255338144,999999
Riverside,Palm Desert,52769,2029,158,12.841772151898734,1374.1469255025622,8.697132439889634
Riverside,Palm Springs,47706,327,134,2.4402985074626864,111.72449819540304,0.8337649119059929
Riverside,Perris,77837,2098,161,13.031055900621118,366.5539682330108,2.276732721944166
Riverside,Rancho Mirage,18738,443,41,10.804878048780488,308.92036075430445,7.534642945226938
Riverside,Riverside,325860,-932,402,-2.318407960199005,-687.5189723126637,-1.7102461997827454
Riverside,San Jacinto,48146,221,137,1.6131386861313868,-66.70885758998435,-0.4869259678101047
Riverside,Temecula,113181,2157,136,15.860294117647058,569.6333765672287,4.188480710053152
Riverside,Wildomar,36287,505,111,4.54954954954955,49.086496003577224,0.44222068471691195
Riverside,Balance Of County,385953,12198,1211,10.072667217175887,3278.815676044468,2.7075273955775954
Riverside,Incorporated,2030002,18974,5041,3.763935727038286,1535.9421877766,0.30468997972160283
Riverside,County Total,2415955,31172,6252,4.985924504158669,4657.911779813929,0.7450274759779156
Sacramento,Citrus Heights,87731,718,3,239.33333333333334,287.0534173054601,95.68447243515335
Sacramento,Elk Grove,172116,1057,335,3.1552238805970148,-2.3822891516962272,-0.007111310900585753
Sacramento,Folsom,78447,-78,187,-0.41711229946524064,-214.4283858643744,-1.1466758602372964
Sacramento,Galt,26018,325,132,2.462121212121212,-31.39964192581637,-0.23787607519557855
Sacramento,Isleton,837,-17,4,-4.25,-12.440281030444964,-3.110070257611241
Sacramento,Rancho Cordova,74210,338,291,1.161512027491409,-166.12137210309726,-0.5708638216601281
Sacramento,Sacramento,501344,8319,1479,5.62474645030426,1778.5417108665888,1.2025298924047254
Sacramento,Balance Of County,588798,4069,593,6.861720067453626,951.5706301551659,1.6046722262313085
Sacramento,Incorporated,940703,10662,2431,4.385849444672974,1527.763648054226,0.6284506985002987
Sacramento,County Total,1529501,14731,3024,4.8713624338624335,2492.755950408313,0.8243240576747066
San Benito,Hollister,36703,26,316,0.08227848101265822,-308.24260435695396,-0.9754512796106138
San Benito,San Juan Bautista,1873,17,8,2.125,-1.057112068965517,-0.1321390086206896
San Benito,Balance Of County,18512,191,101,1.891089108910891,-30.014846351181703,-0.2971766965463535
San Benito,Incorporated,38576,43,324,0.13271604938271606,-310.94254275556017,-0.9596992060356795
San Benito,County Total,57088,234,425,0.5505882352941176,-348.8164421148908,-0.820744569682096
San Bernardino,Adelanto,35293,1020,80,12.75,201.2417938318793,2.515522422898491
San Bernardino,Apple Valley,73984,-717,181,-3.9613259668508287,-437.1776950777098,-2.4153463816448055
San Bernardino,Barstow,24411,163,-3,-54.333333333333336,67.90960079181788,999999
San Bernardino,Big Bear Lake,5512,465,32,14.53125,876.8091935803449,27.400287299385777
San Bernardino,Chino,86757,-1269,206,-6.160194174757281,-557.1929316338355,-2.70482005647493
San Bernardino,Chino Hills,83159,2483,1030,2.4106796116504854,-273.4599757052903,-0.26549512204397113
San Bernardino,Colton,53724,-155,10,-15.5,-57.32938621726461,-5.732938621726461
San Bernardino,Fontana,212000,-786,434,-1.8110599078341014,-633.4606224093691,-1.4595866875791914
San Bernardino,Grand Terrace,12524,89,3,29.666666666666668,30.53156413349417,10.177188044498058
San Bernardino,Hesperia,94829,696,323,2.154798761609907,-106.52450256551899,-0.32979722156507424
San Bernardino,Highland,54761,384,72,5.333333333333333,45.69917428324476,0.6347107539339549
San Bernardino,Loma Linda,23946,-582,10,-58.2,-239.80552837573384,-23.980552837573384
San Bernardino,Montclair,39326,204,54,3.7777777777777777,0.38679004140892914,0.007162778544609799
San Bernardino,Needles,5177,133,2,66.5,74.30888183980967,37.154440919904836
San Bernardino,Ontario,177589,3306,677,4.883308714918759,251.93814083989832,0.37213905589349827
San Bernardino,Rancho Cucamonga,176671,-653,130,-5.023076923076923,-347.96126863819904,-2.676625143370762
San Bernardino,Redlands,71196,1345,70,19.214285714285715,448.0245808936164,6.400351155623092
San Bernardino,Rialto,107041,513,-6,-85.5,138.26623986182037,999999
San Bernardino,San Bernardino,221130,4158,1,4158.0,1257.5993031358885,1257.5993031358885
San Bernardino,Twentynine Palms,27046,127,5,25.4,40.64998699803113,8.129997399606227
San Bernardino,Upland,77017,227,104,2.1826923076923075,-21.979658809740855,-0.21134287317058514
San Bernardino,Victorville,123701,136,100,1.36,-58.496143730020634,-0.5849614373002063
San Bernardino,Yucaipa,54651,327,87,3.7586206896551726,33.92450850452839,0.3899368793623953
San Bernardino,Yucca Valley,21834,315,36,8.75,105.99079882894185,2.944188856359496
San Bernardino,Balance Of County,311659,2753,639,4.308294209702661,553.6078062582144,0.8663658939878159
San Bernardino,Incorporated,1863279,11929,3638,3.2789994502473885,110.87035676668393,0.030475634075504104
San Bernardino,County Total,2174938,14682,4277,3.432779985971475,586.7468837026727,0.13718655218673664
San Diego,Carlsbad,114622,897,312,2.875,55.28689382281823,0.17720158276544304
San Diego,Chula Vista,267503,-414,804,-0.5149253731343284,-932.8835124310888,-1.1603028761580707
San Diego,Coronado,21683,-2860,21,-136.1904761904762,-1152.6244957829115,-54.88688075156721
San Diego,Del Mar,4322,25,6,4.166666666666667,9.16174074936002,1.5269567915600033
San Diego,El Cajon,105557,2754,44,62.59090909090909,921.6399521414745,20.946362548669875
San Diego,Encinitas,63158,870,60,14.5,308.0264256357565,5.1337737605959415
San Diego,Escondido,151478,-14,159,-0.0880503144654088,-163.47866554009454,-1.0281677077993367
San Diego,Imperial Beach,28163,653,10,65.3,225.99149400218104,22.599149400218103
San Diego,La Mesa,61261,975,81,12.037037037037036,351.77087549348107,4.342850314734334
San Diego,Lemon Grove,26834,39,2,19.5,11.226086956521739,5.613043478260869
San Diego,National City,62257,1047,97,10.793814432989691,195.54763927462835,2.0159550440683334
San Diego,Oceanside,177362,901,260,3.4653846153846155,72.73395254475491,0.27974597132598045
San Diego,Poway,50207,-46,18,-2.5555555555555554,-33.44958509939705,-1.858310283299836
San Diego,San Diego,1419845,13527,5961,2.2692501258178157,-813.2550852652103,-0.13642930469136222
San Diego,San Marcos,95768,1726,346,4.988439306358382,223.32562046745068,0.6454497701371407
San Diego,Santee,56994,-106,123,-0.8617886178861789,-161.1785639229422,-1.3103948286418066
San Diego,Solana Beach,13938,411,5,82.2,194.13461964958972,38.826923929917946
San Diego,Vista,103381,1584,70,22.62857142857143,435.29221882766683,6.218460268966669
San Diego,Balance Of County,513123,-705,242,-2.9132231404958677,-485.73587075830824,-2.0071730196624307
San Diego,Incorporated,2824333,21969,8379,2.6219119226638026,-352.38821580636886,-0.042056118368107034
San Diego,County Total,3337456,21264,8621,2.4665352047326294,-916.6639760303378,-0.10632919336855792
San Francisco,San Francisco,883963,9735,4464,2.180779569892473,-91.97580837035639,-0.020603899724542202
San Joaquin,Escalon,7558,353,0,0,129.63747397640526,999999
San Joaquin,Lathrop,24268,1158,267,4.337078651685394,49.33292946776288,0.1847675260964902
San Joaquin,Lodi,67121,3063,290,10.562068965517241,853.7597177557836,2.9439990267440814
San Joaquin,Manteca,81345,5098,635,8.028346456692914,1087.6903353574567,1.7128981659172546
San Joaquin,Ripon,15847,715,34,21.029411764705884,219.3118556701031,6.450348696179503
San Joaquin,Stockton,315103,-5451,339,-16.079646017699115,-2043.8127741347791,-6.028946236385779
San Joaquin,Tracy,92553,1663,468,3.5534188034188032,16.793134558257236,0.0358827661501223
San Joaquin,Balance Of County,154949,5277,366,14.418032786885245,1406.2331631834945,3.8421671125232093
San Joaquin,Incorporated,603795,6599,2033,3.2459419576979833,74.83770319961968,0.03681146246907018
San Joaquin,County Total,758744,11876,2399,4.950395998332638,1433.491679922021,0.5975371737899212
San Luis Obispo,Arroyo Grande,17912,176,44,4.0,32.99503834009924,0.7498872350022555
San Luis Obispo,Atascadero,31147,247,49,5.040816326530612,47.76964401294498,0.9748906941417342
San Luis Obispo,El Paso De Robles,31559,-186,40,-4.65,-109.35523704520398,-2.7338809261300994
San Luis Obispo,Grover Beach,13560,122,6,20.333333333333332,46.720196457806225,7.7866994096343705
San Luis Obispo,Morro Bay,10503,-259,14,-18.5,-169.01012822895373,-12.072152016353838
San Luis Obispo,Pismo Beach,8233,-14,37,-0.3783783783783784,-46.778101127682795,-1.2642730034508864
San Luis Obispo,San Luis Obispo,46548,-176,133,-1.3233082706766917,-212.63016864994435,-1.5987230725559727
San Luis Obispo,Balance Of County,120639,90,289,0.31141868512110726,-251.5222108852002,-0.8703190688069211
San Luis Obispo,Incorporated,159462,-90,323,-0.2786377708978328,-362.96502707581226,-1.1237307339808429
San Luis Obispo,County Total,280101,0,612,0.0,-612.0,-1.0
San Mateo,Atherton,7135,-13,12,-1.0833333333333333,-16.48489087856743,-1.3737409065472859
San Mateo,Belmont,27388,-206,12,-17.166666666666668,-94.64187866927593,-7.88682322243966
San Mateo,Brisbane,4692,-30,6,-5.0,-18.84625158831004,-3.1410419313850064
San Mateo,Burlingame,30294,146,2,73.0,61.508159745256734,30.754079872628367
San Mateo,Colma,1501,-5,-4,1.25,2.5192563081009296,999999
San Mateo,Daly City,107864,-1423,168,-8.470238095238095,-598.8179472398365,-3.564392543094265
San Mateo,East Palo Alto,30917,577,31,18.612903225806452,118.479894528675,3.8219320815701616
San Mateo,Foster City,33490,265,39,6.794871794871795,63.41083521444695,1.6259188516524858
San Mateo,Half Moon Bay,12639,48,14,3.4285714285714284,3.7955682630450305,0.27111201878893076
San Mateo,Hillsborough,11543,-210,13,-16.153846153846153,-85.13222156045265,-6.548632427727127
San Mateo,Menlo Park,35268,-402,116,-3.4655172413793105,-272.88931875525657,-2.3524941272004876
San Mateo,Millbrae,22854,-314,0,0,-116.82838397790054,999999
San Mateo,Pacifica,38418,294,-8,-36.75,119.89644318539503,999999
San Mateo,Portola Valley,4767,60,3,20.0,21.39770554493308,7.1325685149776925
San Mateo,Redwood City,86380,779,32,24.34375,247.02616791859907,7.719567747456221
San Mateo,San Bruno,46085,790,0,0,280.1408543989403,999999
San Mateo,San Carlos,29897,586,16,36.625,225.16945856504384,14.07309116031524
San Mateo,San Mateo,104490,1064,297,3.5824915824915826,124.30597722042813,0.41853864383982536
San Mateo,South San Francisco,67082,1631,24,67.95833333333333,524.1023208201556,21.837596700839814
San Mateo,Woodside,5623,-43,3,-14.333333333333334,-19.673314507589126,-6.557771502529708
San Mateo,Balance Of County,65828,358,79,4.531645569620253,45.034122498854444,0.5700521835298031
San Mateo,Incorporated,708327,3594,776,4.631443298969073,521.9306545883335,0.6725910497272338
San Mateo,County Total,774155,3952,855,4.622222222222222,567.2885758689592,0.6634954103730517
Santa Barbara,Buellton,5291,162,63,2.5714285714285716,-2.167089101189312,-0.03439823970141765
Santa Barbara,Carpinteria,13704,-239,-2,119.5,-94.05938463745248,999999
Santa Barbara,Goleta,31949,189,42,4.5,29.28561083123425,0.6972764483627203
Santa Barbara,Guadalupe,7604,190,69,2.753623188405797,-19.89830051254384,-0.2883811668484615
Santa Barbara,Lompoc,43599,-443,2,-221.5,-149.59960946369375,-74.79980473184688
Santa Barbara,Santa Barbara,94807,1744,165,10.56969696969697,556.6584034471273,3.373687293618953
Santa Barbara,Santa Maria,108470,2190,220,9.954545454545455,387.83421151674816,1.7628827796215825
Santa Barbara,Solvang,5771,178,24,7.416666666666667,60.94224924012157,2.5392603850050652
Santa Barbara,Balance Of County,142262,-1177,461,-2.5531453362255965,-877.8680135806858,-1.9042690099364117
Santa Barbara,Incorporated,311195,3971,583,6.811320754716981,797.1119866937479,1.3672589823220376
Santa Barbara,County Total,453457,2794,1044,2.6762452107279695,-67.0550721936346,-0.06422899635405613
Santa Clara,Campbell,42696,-30,36,-0.8333333333333334,-48.52071338295183,-1.3477975939708842
Santa Clara,Cupertino,60091,1174,-33,-35.57575757575758,452.7283636301916,999999
Santa Clara,Gilroy,55615,-321,114,-2.8157894736842106,-207.2998069221968,-1.8184193589666386
Santa Clara,Los Altos,31361,-41,9,-4.555555555555555,-24.22387109101331,-2.6915412323348122
Santa Clara,Los Altos Hills,8568,-66,35,-1.8857142857142857,-58.75816539263377,-1.678804725503822
Santa Clara,Los Gatos,30601,-713,10,-71.3,-312.58213578591045,-31.258213578591047
Santa Clara,Milpitas,74865,-545,111,-4.90990990990991,-266.6151704018035,-2.4019384720883195
Santa Clara,Monte Sereno,3630,129,19,6.7894736842105265,29.305912596401022,1.542416452442159
Santa Clara,Morgan Hill,44513,368,307,1.1986970684039089,-186.83418280665987,-0.6085804000216933
Santa Clara,Mountain View,81527,2249,246,9.142276422764228,763.7776810716717,3.10478732142956
Santa Clara,Palo Alto,69721,1030,65,15.846153846153847,371.7052452286326,5.718542234286655
Santa Clara,San Jose,1051316,5237,2590,2.022007722007722,-925.030109580634,-0.35715448246356524
Santa Clara,Santa Clara,129604,5621,1609,3.4934742075823495,500.7508126114062,0.3112186529592332
Santa Clara,Saratoga,31435,866,39,22.205128205128204,279.0253197683928,7.154495378676739
Santa Clara,Sunnyvale,153389,3558,934,3.809421841541756,450.62577170278496,0.48246870631989824
Santa Clara,Balance Of County,87666,-98,4,-24.5,-35.31479877854245,-8.828699694635613
Santa Clara,Incorporated,1868932,18516,6091,3.039894926941389,251.36560643660687,0.041268364215499405
Santa Clara,County Total,1956598,18418,6095,3.0218211648892535,194.6189982354581,0.031930926699829054
Santa Cruz,Capitola,10563,401,-1,-401.0,219.77032080299153,999999
Santa Cruz,Santa Cruz,66454,1384,55,25.163636363636364,448.93594590441063,8.162471743716557
Santa Cruz,Scotts Valley,12195,32,2,16.0,10.349584806380005,5.174792403190002
Santa Cruz,Watsonville,53434,419,4,104.75,107.90457417711968,26.97614354427992
Santa Cruz,Balance Of County,134218,-1975,85,-23.235294117647058,-917.5444406100167,-10.794640477764903
Santa Cruz,Incorporated,142646,2236,60,37.266666666666666,705.8232319635354,11.76372053272559
Santa Cruz,County Total,276864,261,145,1.8,-45.45024457435386,-0.3134499625817508
Shasta,Anderson,10263,-187,21,-8.904761904761905,-100.11263157894736,-4.767268170426065
Shasta,Redding,91357,704,122,5.770491803278689,185.1947756830993,1.517989964615568
Shasta,Shasta Lake,10143,-243,32,-7.59375,-130.47746967071055,-4.077420927209705
Shasta,Balance Of County,66508,-608,33,-18.424242424242426,-307.9389117349067,-9.331482173785052
Shasta,Incorporated,111763,274,175,1.5657142857142856,-56.57362609764192,-0.3232778634150967
Shasta,County Total,178271,-334,208,-1.6057692307692308,-354.8679936172,-1.7060961231596155
Sierra,Loyalton,757,-9,-4,2.25,-0.34725848563968675,999999
Sierra,Balance Of County,2450,9,5,1.8,2.2781646866038505,0.4556329373207701
Sierra,Incorporated,757,-9,-4,2.25,-0.34725848563968675,999999
Sierra,County Total,3207,0,1,0.0,-1.0,-1.0
Siskiyou,Dorris,966,0,0,0,0.0,999999
Siskiyou,Dunsmuir,1680,68,1,68.0,45.57071960297767,45.57071960297767
Siskiyou,Etna,744,11,0,0,5.417462482946794,999999
Siskiyou,Fort Jones,739,29,0,0,14.214084507042253,999999
Siskiyou,Montague,1428,-13,0,0,-5.701596113809854,999999
Siskiyou,Mount Shasta,3385,30,3,10.0,13.953800298062593,4.651266766020864
Siskiyou,Tulelake,977,-25,0,0,-10.903193612774452,999999
Siskiyou,Weed,2769,-36,7,-5.142857142857143,-21.990374331550804,-3.1414820473644007
Siskiyou,Yreka,7840,63,28,2.25,1.7542754275427548,0.06265269384081266
Siskiyou,Balance Of County,24084,-203,58,-3.5,-175.46032857084037,-3.025178078807593
Siskiyou,Incorporated,20528,127,39,3.2564102564102564,23.469731875888435,0.6017879968176522
Siskiyou,County Total,44612,-76,97,-0.7835051546391752,-137.96598639455783,-1.422329756644926
Solano,Benicia,27499,-196,9,-21.77777777777778,-89.19758079075645,-9.91084231008405
Solano,Dixon,19896,598,79,7.569620253164557,118.98020520261167,1.506078546868502
Solano,Fairfield,116156,1999,362,5.5220994475138125,325.077997845073,0.8980055189090415
Solano,Rio Vista,9188,169,146,1.1575342465753424,-60.81605499501053,-0.4165483218836338
Solano,Suisun City,29192,-103,35,-2.942857142857143,-68.45082778631166,-1.9557379367517618
Solano,Vacaville,98977,521,567,0.9188712522045855,-385.40459697732996,-0.6797259205949382
Solano,Vallejo,119252,972,19,51.1578947368421,348.38444369293205,18.33602335225958
Solano,Balance Of County,19633,-190,14,-13.571428571428571,-86.02038036624123,-6.144312883302945
Solano,Incorporated,420160,3960,1217,3.2539030402629416,210.5885631907738,0.17303908232602613
Solano,County Total,439793,3770,1231,3.0625507717303004,131.2729764255555,0.10663929847729935
Sonoma,Cloverdale,9134,203,9,22.555555555555557,69.62243869667451,7.735826521852723
Sonoma,Cotati,7716,444,30,14.8,162.32673267326732,5.410891089108911
Sonoma,Healdsburg,12061,261,46,5.673913043478261,63.19974576271187,1.3739075165806929
Sonoma,Petaluma,62708,1767,93,19.0,583.8073054265601,6.277497907812474
Sonoma,Rohnert Park,43598,1531,219,6.9908675799086755,385.0365844961609,1.758157920073794
Sonoma,Santa Rosa,178488,1689,-849,-1.989399293286219,1509.2613476320566,999999
Sonoma,Sebastopol,7786,207,14,14.785714285714286,81.45652460746801,5.818323186247715
Sonoma,Sonoma,11390,401,10,40.1,196.46628446628446,19.646628446628448
Sonoma,Windsor,28060,689,43,16.023255813953487,200.16758613130685,4.655060142588531
Sonoma,Balance Of County,142391,-8980,-4089,2.1961359745659084,16.911026550660154,999999
Sonoma,Incorporated,360941,7192,-385,-18.68051948051948,3219.35742291851,999999
Sonoma,County Total,503332,-1788,-4474,0.3996423781850693,3737.543783655369,999999
Stanislaus,Ceres,48326,572,4,143.0,161.38099426226074,40.345248565565186
Stanislaus,Hughson,7738,407,28,14.535714285714286,105.13135997817488,3.7546914277919603
Stanislaus,Modesto,215692,612,137,4.467153284671533,78.73085363585642,0.5746777637653753
Stanislaus,Newman,11801,636,72,8.833333333333334,128.91106135244067,1.790431407672787
Stanislaus,Oakdale,23324,613,96,6.385416666666667,124.92400158513493,1.3012916831784889
Stanislaus,Patterson,22679,-51,92,-0.5543478260869565,-106.50571931368236,-1.1576708621052432
Stanislaus,Riverbank,25244,634,13,48.76923076923077,174.72685900040634,13.440527615415872
Stanislaus,Turlock,74730,1851,24,77.125,608.3151525130696,25.346464688044566
Stanislaus,Waterford,9149,243,3,81.0,69.74174713676173,23.247249045587242
Stanislaus,Balance Of County,116941,2050,73,28.08219178082192,575.1826252709089,7.879214044806972
Stanislaus,Incorporated,438683,5517,469,11.763326226012794,1378.3848339897406,2.9389868528565897
Stanislaus,County Total,555624,7567,542,13.961254612546126,1962.223206710251,3.6203380197606103
Sutter,Live Oak,8781,145,0,0,45.23274664196387,999999
Sutter,Yuba City,67280,-165,18,-9.166666666666666,-75.91207650678331,-4.217337583710184
Sutter,Balance Of County,21177,302,6,50.333333333333336,109.34591616766467,18.224319361277445
Sutter,Incorporated,76061,-20,18,-1.1111111111111112,-24.931034029521168,-1.3850574460845093
Sutter,County Total,97238,282,24,11.75,75.87621188992945,3.1615088287470603
Tehama,Corning,7515,-7,3,-2.3333333333333335,-5.665248604094655,-1.888416201364885
Tehama,Red Bluff,13858,-212,2,-106.0,-91.54626865671642,-45.77313432835821
Tehama,Tehama,430,3,0,0,1.377049180327869,999999
Tehama,Balance Of County,42236,260,95,2.736842105263158,19.793691633314282,0.2083546487717293
Tehama,Incorporated,21803,-216,5,-43.2,-93.31681729415504,-18.663363458831007
Tehama,County Total,64039,44,100,0.44,-81.06752090007032,-0.8106752090007032
Trinity,County Total,13635,7,97,0.07216494845360824,-92.48246257704726,-0.9534274492479099
Tulare,Dinuba,24873,12,64,0.1875,-60.81332207071316,-0.9502081573548932
Tulare,Exeter,11169,184,11,16.727272727272727,50.238416021847975,4.567128729258907
Tulare,Farmersville,11443,195,17,11.470588235294118,31.61130867709815,1.859488745711656
Tulare,Lindsay,13162,178,23,7.739130434782608,24.228126925446702,1.0533968228455088
Tulare,Porterville,60798,890,248,3.588709677419355,18.503805835614628,0.0746121203048977
Tulare,Tulare,65982,1321,363,3.6391184573002753,47.36988292788544,0.13049554525588275
Tulare,Visalia,136246,3095,663,4.66817496229261,425.1115425344158,0.6411938801424069
Tulare,Woodlake,7786,18,5,3.6,0.03063851699279141,0.006127703398558282
Tulare,Balance Of County,144375,-1901,-141,13.4822695035461,-438.26982553528944,999999
Tulare,Incorporated,331459,5893,1394,4.227403156384505,479.72080622669455,0.3441325726159932
Tulare,County Total,475834,3992,1253,3.1859537110933758,-0.0990543444627292,-7.905374657839522e-05
Tuolumne,Sonora,4890,19,9,2.111111111111111,0.5994662287004733,0.06660735874449702
Tuolumne,Balance Of County,49850,14,87,0.16091954022988506,-78.84878401155791,-0.906307862201815
Tuolumne,Incorporated,4890,19,9,2.111111111111111,0.5994662287004733,0.06660735874449702
Tuolumne,County Total,54740,33,96,0.34375,-77.012649203941,-0.8022150958743853
Ventura,Camarillo,68741,-882,95,-9.284210526315789,-432.32956063369863,-4.550837480354723
Ventura,Fillmore,15953,270,43,6.27906976744186,35.419307530446986,0.8237048262894647
Ventura,Moorpark,37044,216,91,2.3736263736263736,-24.988269794721404,-0.27459637137056486
Ventura,Ojai,7679,126,12,10.5,45.23632993512512,3.7696941612604267
Ventura,Oxnard,206499,-1273,150,-8.486666666666666,-486.8880551758658,-3.2459203678391053
Ventura,Port Hueneme,23929,1121,0,0,406.7606103121712,999999
Ventura,San Buenaventura,111269,1994,17,117.29411764705883,786.1472523450012,46.24395602029419
Ventura,Santa Paula,31138,484,8,60.5,134.03901611535198,16.754877014418998
Ventura,Simi Valley,128760,1451,126,11.515873015873016,362.8715094769419,2.8799326148963647
Ventura,Thousand Oaks,130196,-1261,114,-11.06140350877193,-574.122983180812,-5.03616651912993
Ventura,Balance Of County,97865,-559,-151,3.7019867549668874,-48.20310086970656,999999
Ventura,Incorporated,761208,2246,656,3.423780487804878,92.70415119597556,0.14131730365240175
Ventura,County Total,859073,1687,505,3.3405940594059405,61.81685728481693,0.1224096183857761
Yolo,Davis,68704,-36,230,-0.1565217391304348,-243.80820482979343,-1.060035673173015
Yolo,West Sacramento,54163,1000,195,5.128205128205129,176.42373455222622,0.9047371002678268
Yolo,Winters,7292,37,34,1.088235294117647,-21.668366643694007,-0.6373049012851179
Yolo,Woodland,60426,810,184,4.4021739130434785,94.76358695652175,0.5150194943289226
Yolo,Balance Of County,30685,563,46,12.23913043478261,92.3482504481774,2.0075706619169
Yolo,Incorporated,190585,1811,643,2.8164852255054433,19.40116223632492,0.030172880616368462
Yolo,County Total,221270,2374,689,3.4455732946298983,140.1148581975002,0.20335973613570424
Yuba,Marysville,11883,-90,1,-90.0,-40.16311701327988,-40.16311701327988
Yuba,Wheatland,3497,-12,0,0,-4.579082359646623,999999
Yuba,Balance Of County,59347,252,18,14.0,74.77454945426855,4.154141636348253
Yuba,Incorporated,15380,-102,1,-102.0,-44.146751065753776,-44.146751065753776
Yuba,County Total,74727,150,19,7.894736842105263,37.931091355243574,1.996373229223346
California,Incorporated,33235160,265082,83734,3.165763011440992,9566.402171629685,0.11424752396433568
California,Balance Of State Total,6574533,20998,2982,7.041582830315225,4920.712975821445,1.6501384895444149
California,State Total,39809693,286080,86716,3.2990451589095438,15131.865829472634,0.17449912160930664
